datetime EST,NO2,O3
10/1/25,4.3,20.5
10/1/25 1:00,3.4,21
10/1/25 2:00,2.5,23
10/1/25 3:00,2.2,23.8
10/1/25 4:00,2.9,22.4
10/1/25 5:00,4.2,20
10/1/25 6:00,4.4,18
10/1/25 7:00,3,18.1
10/1/25 8:00,2.7,18
10/1/25 9:00,2.1,18.2
10/1/25 10:00,1.6,19.7
10/1/25 11:00,1.6,21.3
10/1/25 12:00,1.4,22.5
10/1/25 13:00,1.2,23.5
10/1/25 14:00,1.9,24.1
10/1/25 15:00,1.4,24.1
10/1/25 16:00,1.6,22.9
10/1/25 17:00,1.7,20.3
10/1/25 18:00,2.6,16.6
10/1/25 19:00,4.3,13.7
10/1/25 20:00,6.7,12.2
10/1/25 21:00,8.4,9.8
10/1/25 22:00,8.4,9.5
10/1/25 23:00,6.4,11.3
10/2/25,4.6,14.9
10/2/25 1:00,4,16.1
10/2/25 2:00,3.8,16.8
10/2/25 3:00,3.8,17.2
10/2/25 6:00,6.1,14.9
10/2/25 7:00,4.4,17.1
10/2/25 8:00,2.8,20.8
10/2/25 9:00,2.6,22.5
10/2/25 10:00,2.6,25.4
10/2/25 11:00,1.5,30.2
10/2/25 12:00,1.2,32.9
10/2/25 13:00,1.2,35.5
10/2/25 14:00,1.3,36
10/2/25 15:00,1.3,36.9
10/2/25 16:00,1.6,34.3
10/2/25 17:00,4.8,27.7
10/2/25 18:00,3.5,22.9
10/2/25 19:00,4,19.7
10/2/25 20:00,4.8,16.9
10/2/25 21:00,6.1,12.2
10/2/25 22:00,9.7,5.6
10/2/25 23:00,9.3,1.7
10/3/25,7.4,1.3
10/3/25 1:00,7.6,0.4
10/3/25 2:00,6.4,0.4
10/3/25 3:00,5.7,0.3
10/3/25 4:00,5.4,0.3
10/3/25 5:00,6,0.3
10/3/25 6:00,6.5,0.6
10/3/25 7:00,16.8,6.2
10/3/25 8:00,8.1,26
10/3/25 9:00,5,32.9
10/3/25 10:00,5.3,35.5
10/3/25 11:00,4.4,38.4
10/3/25 12:00,4.2,41
10/3/25 13:00,3.9,42.8
10/3/25 14:00,2.4,43.3
10/3/25 15:00,2.3,45
10/3/25 16:00,3,46.2
10/3/25 17:00,6.2,42
10/3/25 18:00,6.6,41.7
10/3/25 19:00,6.8,42.1
10/3/25 20:00,7.6,38.8
10/3/25 21:00,5.8,39.4
10/3/25 22:00,6,38
10/3/25 23:00,5.8,35.9
10/4/25,9.1,24.8
10/4/25 1:00,9.5,19
10/4/25 2:00,8.6,12.5
10/4/25 3:00,8.5,9.8
10/4/25 4:00,8.4,7.1
10/4/25 5:00,10,2.5
10/4/25 6:00,9.4,2
10/4/25 7:00,10.4,13.3
10/4/25 8:00,6.3,28.1
10/4/25 9:00,4.2,38.5
10/4/25 10:00,3.8,43.7
10/4/25 11:00,3.4,51.5
10/4/25 12:00,3.4,54.5
10/4/25 13:00,2.1,53.9
10/4/25 14:00,2.9,55.9
10/4/25 15:00,4.4,55.3
10/4/25 16:00,5.9,51
10/4/25 17:00,7.3,44.3
10/4/25 18:00,8.5,39.3
10/4/25 19:00,11.9,27.2
10/4/25 20:00,14.6,16
10/4/25 21:00,15.2,9.9
10/4/25 22:00,14.8,6.4
10/4/25 23:00,12.6,2.5
10/5/25,10,1.6
10/5/25 1:00,8.5,0.8
10/5/25 2:00,7.4,0.5
10/5/25 3:00,7.7,1.3
10/5/25 4:00,9.5,0.6
10/5/25 5:00,7.7,0.4
10/5/25 6:00,8.5,3.4
10/5/25 7:00,7.8,17.5
10/5/25 8:00,5.1,30.8
10/5/25 9:00,4.3,37.2
10/5/25 10:00,6,46.2
10/5/25 11:00,6.3,58.3
10/5/25 12:00,5.2,66
10/5/25 13:00,3.9,65.5
10/5/25 14:00,5.1,63.2
10/5/25 15:00,4.1,63
10/5/25 16:00,5.2,62.4
10/5/25 17:00,9.2,56.1
10/5/25 18:00,10.8,47.4
10/5/25 19:00,9.2,46.7
10/5/25 20:00,8.4,42.7
10/5/25 21:00,6.8,36.3
10/5/25 22:00,5.9,31.3
10/5/25 23:00,5.4,31.7
10/6/25,5.2,32.2
10/6/25 1:00,4.1,28.3
10/6/25 2:00,4.6,24.3
10/6/25 3:00,5.1,20.3
10/6/25 4:00,5.2,18.8
10/6/25 5:00,7.2,19.1
10/6/25 6:00,11.3,19.2
10/6/25 7:00,9.4,23
10/6/25 8:00,8.4,24.7
10/6/25 9:00,6.9,30
10/6/25 10:00,5.9,40.6
10/6/25 11:00,4,48.9
10/6/25 12:00,3.2,51.9
10/6/25 13:00,3,53
10/6/25 14:00,2.5,50.6
10/6/25 15:00,2.2,48.5
10/6/25 16:00,2.3,45.5
10/6/25 17:00,3.3,41.7
10/6/25 18:00,2.8,39.5
10/6/25 19:00,2.7,38.4
10/6/25 20:00,4,35.5
10/6/25 21:00,8.4,30.7
10/6/25 22:00,2.8,34.1
10/6/25 23:00,5.4,26.2
10/7/25,9.5,21.1
10/7/25 1:00,2.8,27.6
10/7/25 2:00,2.7,24.7
10/7/25 3:00,3.3,19.2
10/7/25 5:00,8.6,23.5
10/7/25 6:00,8.6,24.8
10/7/25 7:00,8.7,24.8
10/7/25 8:00,5.5,29.4
10/7/25 9:00,4.5,32.8
10/7/25 10:00,3.6,35.7
10/7/25 11:00,2.6,40.6
10/7/25 15:00,2.2,39.8
10/7/25 16:00,2.3,36.9
10/7/25 17:00,2.5,34
10/7/25 18:00,2.5,32.8
10/7/25 19:00,2.8,31.4
10/7/25 20:00,1.4,32.3
10/7/25 23:00,1.7,32.1
10/8/25,1.6,32.1
10/8/25 1:00,1.2,32.7
10/8/25 2:00,1.2,32
10/8/25 3:00,1.5,31.4
10/8/25 4:00,2,31.4
10/8/25 5:00,3.7,29.4
10/8/25 6:00,5.9,26.8
10/8/25 7:00,3.1,29.1
10/8/25 8:00,2.1,34.6
10/8/25 9:00,2.5,36.2
10/8/25 10:00,6.2,30.7
10/8/25 11:00,3.8,24.7
10/8/25 12:00,3.1,26.2
10/8/25 16:00,2.4,23.8
10/8/25 17:00,2.8,22.3
10/8/25 18:00,2.3,25.1
10/8/25 19:00,4.6,22.9
10/8/25 20:00,5,21.2
10/8/25 21:00,5.4,20.1
10/8/25 22:00,5.9,18.5
10/8/25 23:00,3.3,23.1
10/9/25,2.4,23.9
10/9/25 1:00,3.2,21.8
10/9/25 2:00,3,20.8
10/9/25 3:00,3.5,19
10/9/25 6:00,5.7,16.8
10/9/25 7:00,4,18
10/9/25 8:00,2.3,25.6
10/9/25 9:00,1.7,28.7
10/9/25 10:00,0.9,29.7
10/9/25 13:00,1.2,32.2
10/9/25 14:00,1,32.7
10/9/25 15:00,0.9,32.9
10/9/25 16:00,1.4,31.5
10/9/25 17:00,3.3,27.6
10/9/25 18:00,7.8,18.8
10/9/25 19:00,16.5,5.6
10/9/25 20:00,15.8,2.8
10/9/25 21:00,15.7,1.7
10/9/25 22:00,15.3,2.5
10/9/25 23:00,13.5,4.4
10/10/25 6:00,15.3,2.9
10/10/25 7:00,13.5,7.5
10/10/25 8:00,11.7,12
10/10/25 9:00,7.5,20.6
10/10/25 12:00,2.4,33
10/10/25 13:00,2.2,34.7
10/10/25 14:00,1.8,35
10/10/25 17:00,4.2,31.9
10/10/25 18:00,5.2,29.1
10/10/25 19:00,7.6,24.2
10/10/25 20:00,11.7,16.7
10/10/25 21:00,11.2,16.5
10/10/25 22:00,10.2,17.1
10/10/25 23:00,11.1,16.9
10/11/25,8.4,18.2
10/11/25 1:00,8.3,16.1
10/11/25 2:00,11.7,6.2
10/11/25 3:00,10.8,7.4
10/11/25 4:00,7.2,9.3
10/11/25 5:00,6.5,9.5
10/11/25 6:00,5.9,11.7
10/11/25 7:00,6.7,13.3
10/11/25 8:00,3.4,19.8
10/11/25 9:00,2.1,29.3
10/11/25 10:00,1.3,35.8
10/11/25 11:00,1.1,37.3
10/11/25 12:00,1.2,37.9
10/11/25 13:00,1.2,38.5
10/11/25 14:00,1.7,35.5
10/11/25 15:00,2.5,34.5
10/11/25 16:00,1.9,32.7
10/11/25 17:00,3.4,28.2
10/11/25 18:00,4,25.8
10/11/25 19:00,3.5,25.2
10/11/25 20:00,3.1,24.1
10/11/25 21:00,2.4,23.2
10/11/25 22:00,2.2,20.9
10/11/25 23:00,2.5,18.6
10/12/25,2.3,19
10/12/25 1:00,2,21.2
10/12/25 2:00,2.3,21
10/12/25 3:00,1.7,23
10/12/25 4:00,1.7,23.7
10/12/25 5:00,1.4,25.7
10/12/25 6:00,1,31.1
10/12/25 7:00,0.9,34.1
10/12/25 8:00,1.2,33.7
10/12/25 9:00,1.1,33.6
10/12/25 10:00,0.6,34.3
10/12/25 11:00,0.7,33.3
10/12/25 12:00,1.1,32.2
10/12/25 13:00,1,32
10/12/25 14:00,0.7,32.9
10/12/25 15:00,0.8,33.9
10/12/25 16:00,0.8,35.6
10/12/25 17:00,0.6,36.5
10/12/25 18:00,0.7,36
10/12/25 19:00,0.7,35.4
10/12/25 20:00,0.6,33.2
10/12/25 21:00,0.4,30.9
10/12/25 22:00,0.3,29.8
10/12/25 23:00,0.3,29.1
10/13/25 2:00,0.5,28.9
10/13/25 3:00,0.3,29.6
10/13/25 4:00,0.5,30.1
10/13/25 5:00,0.6,30.9
10/13/25 6:00,0.5,31.2
10/13/25 9:00,0.6,31
10/13/25 10:00,0.5,31
10/13/25 11:00,0.6,31.4
10/13/25 12:00,0.6,32.3
10/13/25 13:00,0.6,32.3
10/13/25 14:00,0.6,32.1
10/13/25 15:00,0.7,32.1
10/13/25 16:00,0.7,31.9
10/13/25 17:00,0.6,32.3
10/13/25 18:00,0.6,33.3
10/13/25 19:00,0.4,34.8
10/13/25 20:00,0.5,32.8
10/13/25 21:00,0.6,30.9
10/13/25 22:00,0.5,30.6
10/13/25 23:00,0.5,30.1
10/14/25,0.9,29.8
10/14/25 1:00,1.2,29.4
10/14/25 2:00,0.9,30.1
10/14/25 3:00,0.7,31.1
10/14/25 5:00,2.5,31.5
10/14/25 6:00,3.5,29.7
10/14/25 7:00,4,28.5
10/14/25 8:00,4.5,24.8
10/14/25 9:00,4.4,23.7
10/14/25 10:00,4,23.7
10/14/25 11:00,3.6,24.5
10/14/25 13:00,4.8,24
10/14/25 14:00,4.7,23.8
10/14/25 15:00,4.5,24
10/14/25 16:00,4.2,24.1
10/14/25 17:00,4,28.3
10/14/25 18:00,3,33.5
10/14/25 19:00,2.6,35.1
10/14/25 20:00,4.1,31.3
10/14/25 21:00,6.4,22.5
10/14/25 22:00,6.8,18.3
10/14/25 23:00,5.3,18.3
10/15/25,4.4,18.1
10/15/25 1:00,4.6,18.9
10/15/25 2:00,4.8,17.5
10/15/25 3:00,4.5,17.8
10/15/25 4:00,6.2,13.2
10/15/25 5:00,8.4,6.3
10/15/25 6:00,11.4,4.5
10/15/25 7:00,9.2,12.9
10/15/25 8:00,5.6,21.8
10/15/25 9:00,3.1,28.5
10/15/25 10:00,2.5,29.7
10/15/25 11:00,2.7,29.6
10/15/25 12:00,2,30.6
10/15/25 13:00,1.6,31
10/15/25 14:00,1.8,29
10/15/25 15:00,1.9,27.6
10/15/25 16:00,2.1,25.2
10/15/25 17:00,2.9,23.4
10/15/25 18:00,2.5,24.3
10/15/25 19:00,1.7,27
10/15/25 20:00,2,26.5
10/15/25 21:00,4.3,23.3
10/15/25 22:00,4.2,22.6
10/15/25 23:00,2.7,25.5
10/16/25,2.6,24.6
10/16/25 1:00,2.2,24.1
10/16/25 2:00,2,24.4
10/16/25 3:00,2.9,24.8
10/16/25 6:00,6.3,21
10/16/25 7:00,4.1,23.5
10/16/25 8:00,2.2,28.5
10/16/25 9:00,1.6,30
10/16/25 10:00,1.5,30.9
10/16/25 11:00,1.6,32
10/16/25 12:00,1.4,31.3
10/16/25 13:00,1.4,30.7
10/16/25 14:00,1.6,29.6
10/16/25 15:00,1.6,28.7
10/16/25 16:00,1.7,28.2
10/16/25 17:00,1.9,27.1
10/16/25 18:00,1.4,26.9
10/16/25 19:00,1.6,26
10/16/25 20:00,1.5,26.4
10/16/25 21:00,1.4,27.3
10/16/25 22:00,1.4,27.7
10/16/25 23:00,1.8,26.9
10/17/25 3:00,2.2,23.8
10/17/25 4:00,2.1,23.2
10/17/25 5:00,3.7,21.4
10/17/25 6:00,6.3,18.9
10/17/25 7:00,3.6,21.6
10/17/25 8:00,2.2,24.1
10/17/25 9:00,1.6,25.5
10/17/25 10:00,1.5,26.8
10/17/25 11:00,1.6,29.9
10/17/25 12:00,1.5,33.8
10/17/25 13:00,1.5,36.2
10/17/25 14:00,1.6,37.2
10/17/25 15:00,1.5,36.5
10/17/25 16:00,2.7,33.7
10/17/25 17:00,5.3,27.7
10/17/25 18:00,13.3,14.7
10/17/25 19:00,12.2,11.8
10/17/25 20:00,14.3,6.7
10/17/25 21:00,19,1.2
10/17/25 22:00,18.6,0.7
10/17/25 23:00,15.4,2.1
10/18/25,12.5,7.6
10/18/25 1:00,12.2,6.7
10/18/25 2:00,13.8,3.5
10/18/25 3:00,9.6,10.8
10/18/25 4:00,10.3,8.8
10/18/25 5:00,13.6,4.4
10/18/25 6:00,12.7,5.9
10/18/25 7:00,9.3,11.6
10/18/25 8:00,5,18.5
10/18/25 9:00,3.7,21.6
10/18/25 10:00,2.8,25.4
10/18/25 11:00,2.4,28.1
10/18/25 12:00,2.3,31.3
10/18/25 13:00,2.1,34.1
10/18/25 14:00,3,34
10/18/25 15:00,4.4,31.9
10/18/25 16:00,3.8,29.9
10/18/25 17:00,5,27.2
10/18/25 18:00,5.3,25.8
10/18/25 19:00,7.4,20.1
10/18/25 20:00,7.3,18.8
10/18/25 21:00,7.5,19.3
10/18/25 22:00,8.5,14.7
10/18/25 23:00,12,6.9
10/19/25,12.7,2.9
10/19/25 1:00,10.8,3.8
10/19/25 2:00,10.2,6.1
10/19/25 3:00,11.1,4.1
10/19/25 4:00,8.6,6.4
10/19/25 5:00,8.9,2.8
10/19/25 6:00,9.9,1.1
10/19/25 7:00,8.3,6.9
10/19/25 8:00,7.1,19.4
10/19/25 9:00,3.5,36.6
10/19/25 10:00,3.5,39.1
10/19/25 11:00,3.2,41
10/19/25 12:00,2.5,43.3
10/19/25 13:00,2.5,44.8
10/19/25 14:00,2.7,44.8
10/19/25 15:00,2,43.5
10/19/25 16:00,2.1,40.7
10/19/25 17:00,3.3,38.3
10/19/25 18:00,3.4,34.5
10/19/25 19:00,2.6,32.2
10/19/25 20:00,2.2,32.5
10/19/25 21:00,1.8,33.7
10/19/25 22:00,1.9,32
10/19/25 23:00,1.5,34.8
10/20/25 2:00,0.9,36.5
10/20/25 3:00,1.1,37
10/20/25 4:00,1.3,38
10/20/25 5:00,1.7,37
10/20/25 6:00,1.9,37.9
10/20/25 7:00,1.6,39.2
10/20/25 8:00,1.4,40.7
10/20/25 9:00,1.7,42
10/20/25 10:00,2.3,40.2
10/20/25 11:00,3.5,38.8
10/20/25 12:00,5.1,33.5
10/20/25 13:00,3.4,32.6
10/20/25 14:00,2.8,32
10/20/25 15:00,3.3,31.3
10/20/25 16:00,5.1,26
10/20/25 17:00,5.9,21.5
10/20/25 18:00,4.3,22.5
10/20/25 19:00,4.7,23.1
10/20/25 20:00,5,23.2
10/20/25 21:00,5.1,24.1
10/20/25 22:00,5.4,23.8
10/20/25 23:00,3.4,25
10/21/25,4,23.7
10/21/25 1:00,4.2,21.8
10/21/25 2:00,4.4,20.5
10/21/25 3:00,4.5,19.7
10/21/25 5:00,4.8,19.8
10/21/25 6:00,4.8,20
10/21/25 7:00,3.8,21.1
10/21/25 8:00,2.4,22.2
10/21/25 9:00,2.1,23.4
10/21/25 10:00,2.1,26
10/21/25 11:00,2.3,28.5
10/21/25 12:00,2.7,30.6
10/21/25 15:00,4.4,36.1
10/21/25 16:00,7.4,34.3
10/21/25 17:00,7.9,33.2
10/21/25 18:00,5.5,34.5
10/21/25 19:00,4.1,35.9
10/21/25 20:00,4.1,34.3
10/21/25 21:00,6.8,25.3
10/21/25 22:00,8.6,16.5
10/21/25 23:00,7.7,12
10/22/25,6.9,16
10/22/25 1:00,2.2,34.6
10/22/25 2:00,1.5,36.1
10/22/25 3:00,2.6,34.6
10/22/25 4:00,3.2,33.5
10/22/25 5:00,6.4,27.3
10/22/25 6:00,10.7,22.6
10/22/25 7:00,9.6,28.6
10/22/25 8:00,12.7,27.4
10/22/25 9:00,11.3,30.4
10/22/25 10:00,5.9,38.5
10/22/25 11:00,3.9,42.1
10/22/25 12:00,4.1,42.6
10/22/25 13:00,5.4,40
10/22/25 14:00,4.3,40.9
10/22/25 15:00,4.3,39.7
10/22/25 16:00,5.5,37.7
10/22/25 17:00,6.6,33.7
10/22/25 18:00,6.5,30.5
10/22/25 19:00,6.1,28.7
10/22/25 20:00,6.2,27.5
10/22/25 21:00,6,26.3
10/22/25 22:00,6.5,24.2
10/22/25 23:00,5.9,23
10/23/25,5,23
10/23/25 1:00,6.2,21.2
10/23/25 2:00,7.6,18.3
10/23/25 3:00,7.4,17.7
10/23/25 4:00,9.1,16.4
10/23/25 5:00,14.8,9.2
10/23/25 6:00,14.2,11.3
10/23/25 7:00,8.4,16.4
10/23/25 8:00,5.2,18.7
10/23/25 9:00,3.8,19.5
10/23/25 10:00,3.6,20.5
10/23/25 11:00,4.3,20.8
10/23/25 12:00,4.1,22.4
10/23/25 13:00,4.4,23.7
10/23/25 14:00,4.8,23.9
10/23/25 15:00,5.7,24.5
10/23/25 16:00,7.4,23.7
10/23/25 17:00,9.4,21.5
10/23/25 18:00,12.9,15.8
10/23/25 19:00,18.2,7.5
10/23/25 20:00,18.3,5.1
10/23/25 21:00,12.7,9.7
10/23/25 22:00,10.6,8
10/23/25 23:00,13.3,3.5
10/24/25 3:00,7.2,10.1
10/24/25 4:00,9.8,4.9
10/24/25 5:00,13.2,0.5
10/24/25 6:00,13.7,0.9
10/24/25 7:00,11.7,5.4
10/24/25 8:00,10.7,11.3
10/24/25 9:00,8.2,16
10/24/25 12:00,2.4,25.3
10/24/25 13:00,2.5,24.3
10/24/25 14:00,2.4,23.3
10/24/25 15:00,2.5,24.3
10/24/25 16:00,3.8,21.7
10/24/25 17:00,5.7,19.2
10/24/25 18:00,6.9,16.2
10/24/25 19:00,7.1,14.7
10/24/25 20:00,7.5,13.5
10/24/25 21:00,6.8,14.8
10/24/25 22:00,7.2,14
10/24/25 23:00,8.9,11.9
10/25/25,6.8,14.2
10/25/25 1:00,5.6,13.4
10/25/25 2:00,3.2,16.8
10/25/25 3:00,3.2,16.4
10/25/25 4:00,3.8,15.9
10/25/25 5:00,7.8,9.7
10/25/25 6:00,12.4,3.3
10/25/25 7:00,6.6,12.6
10/25/25 8:00,3.1,17
10/25/25 9:00,2.3,19
10/25/25 10:00,1.6,19.7
10/25/25 11:00,1.1,26
10/25/25 12:00,1.1,31.3
10/25/25 13:00,1,32.2
10/25/25 14:00,1,31.2
10/25/25 15:00,1.2,30.8
10/25/25 16:00,2.3,28.5
10/25/25 17:00,4.5,24.7
10/25/25 18:00,7.9,18.9
10/25/25 19:00,10.4,15.1
10/25/25 20:00,11.7,12.3
10/25/25 21:00,10,13.3
10/25/25 22:00,5.2,19.9
10/25/25 23:00,5.5,18.3
10/26/25,7.3,13.6
10/26/25 1:00,7.5,12.4
10/26/25 2:00,6.1,14.1
10/26/25 3:00,11.1,3.1
10/26/25 4:00,12,2.9
10/26/25 5:00,5.2,14.5
10/26/25 6:00,5.2,13.9
10/26/25 7:00,4.3,15.2
10/26/25 8:00,3.4,18.5
10/26/25 9:00,1.6,25.5
10/26/25 10:00,1.1,31.9
10/26/25 11:00,0.9,36.6
10/26/25 12:00,0.9,37.6
10/26/25 13:00,1,38
10/26/25 14:00,0.9,38.5
10/26/25 15:00,0.9,38.5
10/26/25 16:00,1.6,35.2
10/26/25 17:00,4.7,27.4
10/26/25 18:00,8,20.7
10/26/25 19:00,8.1,19.1
10/26/25 20:00,7.5,18.4
10/26/25 21:00,7.4,16.5
10/26/25 22:00,8.5,14.6
10/26/25 23:00,6.4,16.1
10/27/25 2:00,6.7,14.5
10/27/25 3:00,7,14.7
10/27/25 4:00,10.4,11
10/27/25 5:00,13.4,8.6
10/27/25 6:00,14.7,7.5
10/27/25 7:00,11,12
10/27/25 8:00,7,16.4
10/27/25 9:00,5,18.7
10/27/25 10:00,2.5,18.9
10/27/25 11:00,2.9,17.1
10/27/25 12:00,2.8,17.8
10/27/25 13:00,3.6,18
10/27/25 14:00,2.5,20.4
10/27/25 15:00,2.7,20.7
10/27/25 16:00,4.2,18.1
10/27/25 17:00,9.1,11.3
10/27/25 18:00,15.5,3.6
10/27/25 19:00,17.2,0.9
10/27/25 20:00,18,0.6
10/27/25 21:00,16.5,0.6
10/27/25 22:00,16.2,1.3
10/27/25 23:00,15.2,2.2
10/28/25,12.3,4.9
10/28/25 1:00,10.4,5.1
10/28/25 2:00,10,4.3
10/28/25 3:00,7.5,6
10/28/25 5:00,5.2,8
10/28/25 6:00,5.8,7.5
10/28/25 7:00,6.7,7.2
10/28/25 8:00,6.6,8
10/28/25 9:00,6.2,9.3
10/28/25 10:00,3.2,13.9
10/28/25 11:00,1.3,18.1
10/28/25 12:00,1.3,18.5
10/28/25 13:00,1.2,19.7
10/28/25 14:00,1.7,19.1
10/28/25 15:00,1.6,19.4
10/28/25 16:00,1.9,18.3
10/28/25 17:00,1.6,18.8
10/28/25 18:00,1.5,18.7
10/28/25 19:00,1.6,18
10/28/25 20:00,1.7,18.8
10/28/25 21:00,1.2,20.5
10/28/25 22:00,1.1,21.2
10/28/25 23:00,1,21.7
10/29/25,1,23.6
10/29/25 1:00,1.2,22.7
10/29/25 2:00,1.4,22.1
10/29/25 3:00,1,21.1
10/29/25 4:00,1.5,19.1
10/29/25 5:00,2.1,18.4
10/29/25 6:00,4.9,11.3
10/29/25 7:00,5.2,10.3
10/29/25 8:00,4.4,11.6
10/29/25 9:00,4.5,12.4
10/29/25 10:00,4.4,13.4
10/29/25 11:00,4.4,14.5
10/29/25 12:00,5.1,14.4
10/29/25 13:00,5.3,14.3
10/29/25 14:00,4.9,14.1
10/29/25 15:00,5.1,13.5
10/29/25 16:00,5.4,13
10/29/25 17:00,5.6,12.8
10/29/25 18:00,6.1,12.6
10/29/25 19:00,5.8,13.2
10/29/25 20:00,5.7,13.7
10/29/25 21:00,5.7,13.3
10/29/25 22:00,5.8,13
10/29/25 23:00,5.8,12.8
10/30/25,5.8,12.5
10/30/25 1:00,4.3,15.4
10/30/25 2:00,2.4,20
10/30/25 3:00,2.2,21.4
10/30/25 6:00,3.2,19.7
10/30/25 7:00,3,22.1
10/30/25 8:00,3.2,22.5
10/30/25 9:00,2.1,25.5
10/30/25 10:00,1.8,26.6
10/30/25 11:00,1.9,27.9
10/30/25 12:00,1.6,29.6
10/30/25 13:00,1.9,27.9
10/30/25 14:00,2.1,25.1
10/30/25 15:00,2,25.4
10/30/25 16:00,1.9,26.8
10/30/25 17:00,1.7,27.7
10/30/25 18:00,1.6,28.8
10/30/25 19:00,2.5,26.6
10/30/25 20:00,3.1,24.6
10/30/25 21:00,1.5,30.5
10/30/25 22:00,0.7,33.2
10/30/25 23:00,0.7,33.9
10/31/25 3:00,1.9,28.3
10/31/25 4:00,3.2,30.6
10/31/25 5:00,4.9,29.1
10/31/25 6:00,5.2,26
10/31/25 7:00,5.4,21.8
10/31/25 15:00,3,23.6
10/31/25 16:00,2.7,27.2
10/31/25 17:00,2.9,29.8
10/31/25 22:00,1.4,33.1
10/31/25 23:00,1.1,32
11/1/25,0.8,30.7
11/1/25 1:00,0.7,31.5
11/1/25 2:00,0.8,32.6
11/1/25 3:00,0.7,32.9
11/1/25 4:00,0.9,33.1
11/1/25 5:00,1.1,33.7
11/1/25 6:00,1.5,33.6
11/1/25 7:00,1.4,33
11/1/25 8:00,1,33.1
11/1/25 9:00,1,32.6
11/1/25 10:00,0.8,33
11/1/25 11:00,0.9,33.8
11/1/25 12:00,0.8,33.8
11/1/25 13:00,0.8,32.9
11/1/25 14:00,0.8,32.3
11/1/25 15:00,1.1,31
11/1/25 16:00,1.3,28.8
11/1/25 17:00,2.5,25.6
11/1/25 18:00,2.2,24.6
11/1/25 19:00,2,24.1
11/1/25 20:00,1.7,25.2
11/1/25 21:00,2.8,23.4
11/1/25 22:00,4.2,21.7
11/1/25 23:00,4.4,20.9
11/2/25,4.1,20.5
11/2/25 1:00,5.8,18.1
11/2/25 2:00,6.1,17.5
11/2/25 3:00,7,15.7
11/2/25 4:00,8.2,14.2
11/2/25 5:00,8,14.5
11/2/25 6:00,10.2,11.9
11/2/25 7:00,6.1,16.4
11/2/25 8:00,2.9,20.4
11/2/25 9:00,1.4,24.1
11/2/25 10:00,1,26.1
11/2/25 11:00,1.1,26.1
11/2/25 12:00,1.1,28.3
11/2/25 13:00,1.1,29.9
11/2/25 14:00,1.1,31.2
11/2/25 15:00,1.2,31.4
11/2/25 16:00,2,31
11/2/25 17:00,3.5,29
11/2/25 18:00,7.4,22.3
11/2/25 19:00,15.1,10
11/2/25 20:00,21.9,2.7
11/2/25 21:00,20.3,1.7
11/2/25 22:00,20.7,1.1
11/2/25 23:00,18.1,0.5
11/3/25 2:00,15.5,0.4
11/3/25 3:00,14.9,0.5
11/3/25 4:00,14.6,0.4
11/3/25 5:00,14.4,0.5
11/3/25 6:00,15.3,0.5
11/3/25 7:00,17.9,0.9
11/3/25 8:00,20.2,1.4
11/3/25 9:00,22.3,1.9
11/3/25 10:00,27.6,2.8
11/3/25 11:00,20.1,12.9
11/3/25 12:00,12.1,24.4
11/3/25 13:00,6.4,33.9
11/3/25 17:00,4.3,33.4
11/3/25 18:00,6.1,31
11/3/25 19:00,4.1,33.6
11/3/25 20:00,3.2,35.5
11/3/25 21:00,2.7,36.1
11/3/25 22:00,2.3,34.8
11/3/25 23:00,2.4,30.8
11/4/25,2.1,29.4
11/4/25 1:00,1.7,30.6
11/4/25 2:00,1.5,33.3
11/4/25 3:00,1.4,34.2
11/4/25 5:00,1.9,32.5
11/4/25 6:00,2.4,31.4
11/4/25 7:00,2.3,30.6
11/4/25 8:00,1.6,31.2
11/4/25 9:00,1.3,31.9
11/4/25 10:00,1.1,32.9
11/4/25 11:00,1,34.7
11/4/25 12:00,1.1,34.6
11/4/25 13:00,1.2,35.1
11/4/25 14:00,1,35.6
11/4/25 15:00,1.4,35.1
11/4/25 16:00,2,34.4
11/4/25 17:00,8.7,27
11/4/25 18:00,10.3,25.8
11/4/25 19:00,7.9,29.1
11/4/25 20:00,7,30.3
11/4/25 21:00,9.2,28.4
11/4/25 22:00,11.4,25.7
11/4/25 23:00,11.9,24.4
11/5/25,16.8,19.2
11/5/25 1:00,16.4,17.6
11/5/25 2:00,16.2,17.1
11/5/25 3:00,18.3,8.4
11/5/25 4:00,21,6.2
11/5/25 5:00,9.3,26.3
11/5/25 6:00,12,23.2
11/5/25 7:00,20.1,15.1
11/5/25 8:00,25.5,11.1
11/5/25 9:00,15.4,23.1
11/5/25 10:00,10.5,28.1
11/5/25 11:00,8,30.4
11/5/25 12:00,6.8,32
11/5/25 13:00,5.4,36
11/5/25 14:00,4,40.1
11/5/25 15:00,4,42
11/5/25 16:00,3.8,43.1
11/5/25 17:00,3.8,44
11/5/25 18:00,4.6,45.6
11/5/25 19:00,3.8,46.4
11/5/25 20:00,3.5,45.3
11/5/25 21:00,4.7,42.7
11/5/25 22:00,4.7,41.3
11/5/25 23:00,4.4,38.9
11/6/25,3.5,34
11/6/25 1:00,2.9,29.4
11/6/25 2:00,2.2,27.4
11/6/25 3:00,1.6,32.1
11/6/25 6:00,2,32.6
11/6/25 7:00,3,30.6
11/6/25 8:00,2,32
11/6/25 9:00,1.4,33.6
11/6/25 10:00,1.4,34
11/6/25 11:00,1.2,33.9
11/6/25 12:00,1.4,33.3
11/6/25 13:00,2,32
11/6/25 14:00,1.8,31.3
11/6/25 15:00,2.2,30.9
11/6/25 16:00,2.1,32.2
11/6/25 17:00,3.7,29.4
11/6/25 18:00,4.4,28.3
11/6/25 19:00,7.2,24.1
11/6/25 20:00,8.4,21.2
11/6/25 21:00,5.5,24.3
11/6/25 22:00,3.8,25.8
11/6/25 23:00,3.1,26.8
11/7/25 3:00,10.2,18.7
11/7/25 4:00,19.4,7.1
11/7/25 5:00,19.8,9
11/7/25 6:00,24.6,4.5
11/7/25 7:00,25.9,7.1
11/7/25 8:00,18.6,15.9
11/7/25 9:00,10.9,24.9
11/7/25 10:00,5.6,31.1
11/7/25 11:00,4.3,32.2
11/7/25 12:00,3.7,33.4
11/7/25 13:00,2.6,36.1
11/7/25 14:00,2.8,35.1
11/7/25 15:00,3.3,35.7
11/7/25 16:00,3.2,39
11/7/25 17:00,2.6,40.5
11/7/25 18:00,2.5,40.8
11/7/25 19:00,2.4,41
11/7/25 20:00,2.6,39.9
11/7/25 21:00,2.6,38.9
11/7/25 22:00,3,37.6
11/7/25 23:00,3,38.5
11/8/25,3.2,39
11/8/25 1:00,2.4,40.4
11/8/25 2:00,2.2,38.5
11/8/25 3:00,2.6,38.9
11/8/25 4:00,2.8,38.7
11/8/25 5:00,5,34.2
11/8/25 6:00,4.6,33.5
11/8/25 7:00,5.1,31.3
11/8/25 8:00,5.8,29.2
11/8/25 9:00,6.3,27.5
11/8/25 10:00,8.3,24.4
11/8/25 11:00,4.3,30.8
11/8/25 12:00,2.3,34.4
11/8/25 13:00,2.1,35.6
11/8/25 14:00,2.7,35.2
11/8/25 15:00,2.2,34.6
11/8/25 16:00,3.4,32.4
11/8/25 17:00,5.3,29.3
11/8/25 18:00,6.2,27.3
11/8/25 19:00,7.2,25.7
11/8/25 20:00,9.3,19.4
11/8/25 21:00,12,14.8
11/8/25 22:00,20.1,3.3
11/8/25 23:00,18.9,2.5
11/9/25,18.2,3.9
11/9/25 1:00,21.3,0.7
11/9/25 2:00,20.2,0.7
11/9/25 3:00,19,0.6
11/9/25 4:00,17.9,0.6
11/9/25 5:00,18.6,0.7
11/9/25 6:00,17.9,2.1
11/9/25 7:00,14.8,6.7
11/9/25 8:00,9.6,14.3
11/9/25 9:00,8,17.3
11/9/25 10:00,5.9,23
11/9/25 11:00,3.3,40.6
11/9/25 12:00,2.5,42.4
11/9/25 13:00,2.7,41.2
11/9/25 14:00,2.8,39.1
11/9/25 15:00,2.4,37.8
11/9/25 16:00,2.2,35
11/9/25 17:00,1.9,33.6
11/9/25 18:00,1.8,34.5
11/9/25 19:00,2.1,34.9
11/9/25 20:00,2.4,35.4
11/9/25 21:00,2.2,36.4
11/9/25 22:00,2.9,33
11/9/25 23:00,3.5,31.5
11/10/25 2:00,4.6,24.2
11/10/25 3:00,5.2,23.8
11/10/25 4:00,5.7,22.9
11/10/25 5:00,4.8,20.7
11/10/25 6:00,5.8,19.2
11/10/25 7:00,7,16.8
11/10/25 8:00,10.6,14.4
11/10/25 9:00,8.6,14.5
11/10/25 10:00,9.2,12.6
11/10/25 11:00,9.4,14.6
11/10/25 12:00,7.3,19.2
11/10/25 13:00,10.9,10.9
11/10/25 14:00,14.9,4
11/10/25 15:00,13.2,6.1
11/10/25 16:00,12.5,6.6
11/10/25 17:00,10.6,9.8
11/10/25 18:00,12.2,5.7
11/10/25 19:00,9.6,10.1
11/10/25 20:00,4.4,22.4
11/10/25 21:00,3.4,17.3
11/10/25 22:00,2.8,16.3
11/10/25 23:00,2.4,18.4
11/11/25,2.3,20.2
11/11/25 1:00,1.9,22.4
11/11/25 2:00,1.8,23.5
11/11/25 3:00,1.5,25.5
11/11/25 5:00,1.7,26.6
11/11/25 6:00,2,28.2
11/11/25 7:00,2.6,28.1
11/11/25 8:00,1.9,28.7
11/11/25 9:00,2.1,28.6
11/11/25 10:00,2.4,28.4
11/11/25 11:00,2.1,29.1
11/11/25 12:00,1.8,28.6
11/11/25 13:00,1.6,29.2
11/11/25 14:00,1.8,30.5
11/11/25 15:00,2.1,31.3
11/11/25 16:00,2.6,31.1
11/11/25 17:00,2.2,31.8
11/11/25 18:00,2.1,32.8
11/11/25 19:00,2.1,35
11/11/25 20:00,2,34
11/11/25 21:00,2.3,30.2
11/11/25 22:00,2.4,28.9
11/11/25 23:00,2.9,27.8
11/12/25,4.6,25.8
11/12/25 1:00,6.1,23.5
11/12/25 2:00,6.6,22.7
11/12/25 3:00,5.8,23.8
11/12/25 4:00,7.5,21.7
11/12/25 5:00,6.2,22.6
11/12/25 6:00,7.2,20.8
11/12/25 7:00,10.2,17.9
11/12/25 8:00,12.7,16.8
11/12/25 9:00,10.1,20.5
11/12/25 10:00,7.4,23.7
11/12/25 11:00,5.2,26.5
11/12/25 12:00,4.8,27
11/12/25 13:00,4.5,27.7
11/12/25 14:00,4.8,27.5
11/12/25 15:00,7.2,24.9
11/12/25 16:00,9.3,22.5
11/12/25 17:00,11.3,20.2
11/12/25 18:00,11.9,18.8
11/12/25 19:00,7.1,21.6
11/12/25 20:00,7,20.8
11/12/25 21:00,7.9,19.4
11/12/25 22:00,8.4,18.5
11/12/25 23:00,7.4,19.8
11/13/25,6.6,19.7
11/13/25 1:00,6.6,18.6
11/13/25 2:00,6.6,17.1
11/13/25 3:00,7.5,15.2
11/13/25 6:00,8.6,11.8
11/13/25 7:00,9,11.2
11/13/25 8:00,7.2,13.6
11/13/25 9:00,5.6,16.5
11/13/25 10:00,4.9,18.6
11/13/25 11:00,4.7,20.7
11/13/25 12:00,3.8,24.2
11/13/25 13:00,3.1,26.9
11/13/25 14:00,3.2,28
11/13/25 15:00,3.9,27.5
11/13/25 16:00,3.9,26.3
11/13/25 17:00,4,23.7
11/13/25 18:00,5.8,17.3
11/13/25 19:00,6.3,15.2
11/13/25 20:00,5.8,14.1
11/13/25 21:00,6.7,10.8
11/13/25 22:00,7.2,8.7
11/13/25 23:00,7.4,8
11/14/25 3:00,6.1,7.4
11/14/25 4:00,7.9,5.3
11/14/25 5:00,10,3.2
11/14/25 6:00,9.6,4.6
11/14/25 7:00,6.8,8.9
11/14/25 8:00,3.5,12.9
11/14/25 9:00,2.3,17.6
11/14/25 10:00,1.7,21.7
11/14/25 11:00,1.8,20.1
11/14/25 12:00,1.6,21
11/14/25 13:00,1.9,20.5
11/14/25 14:00,2.7,19.9
11/14/25 15:00,2.7,22.7
11/14/25 16:00,3.6,25.4
11/14/25 17:00,6.6,21.1
11/14/25 18:00,9.2,17.8
11/14/25 19:00,9.4,20.1
11/14/25 20:00,6.3,24.6
11/14/25 21:00,5,27
11/14/25 22:00,3.9,28.6
11/14/25 23:00,4.7,26
11/15/25,5,22.8
11/15/25 1:00,5.7,20.5
11/15/25 2:00,5.2,19.9
11/15/25 3:00,5.1,19.7
11/15/25 4:00,5.7,18.9
11/15/25 5:00,7,17.1
11/15/25 6:00,8.7,14.7
11/15/25 7:00,6.9,17.1
11/15/25 8:00,3.8,21.4
11/15/25 9:00,1.7,24.4
11/15/25 10:00,1.4,25.3
11/15/25 11:00,1.3,26.1
11/15/25 12:00,1.3,26.4
11/15/25 13:00,1.3,27.4
11/15/25 14:00,1.8,28.1
11/15/25 15:00,2.9,27.4
11/15/25 16:00,5.9,24.6
11/15/25 17:00,10.4,19.5
11/15/25 18:00,6.5,22.1
11/15/25 19:00,10.7,17.2
11/15/25 20:00,9.3,18.8
11/15/25 21:00,6.8,20.8
11/15/25 22:00,7,18.6
11/15/25 23:00,7.1,17.2
11/16/25,6,24.1
11/16/25 1:00,3.4,35.6
11/16/25 2:00,4.2,33.9
11/16/25 3:00,7.5,27.9
11/16/25 4:00,5.6,28
11/16/25 5:00,5.3,24.6
11/16/25 6:00,6.5,20.6
11/16/25 7:00,7.6,18.7
11/16/25 8:00,6.6,19.3
11/16/25 9:00,3.2,24.6
11/16/25 10:00,2.1,28.1
11/16/25 11:00,1.7,26.4
11/16/25 12:00,1.1,27.8
11/16/25 13:00,1,26
11/16/25 14:00,1,24
11/16/25 15:00,1.2,22
11/16/25 16:00,1.2,23.2
11/16/25 17:00,1.5,25.6
11/16/25 18:00,1.9,27
11/16/25 19:00,1.7,29.2
11/16/25 20:00,1.9,28.8
11/16/25 21:00,1.7,27.8
11/16/25 22:00,1.3,26.3
11/16/25 23:00,1.3,26.4
11/17/25 2:00,1.2,26.9
11/17/25 3:00,1.3,27.2
11/17/25 4:00,1.5,27.9
11/17/25 5:00,1.8,28
11/17/25 6:00,2.3,27
11/17/25 7:00,2.6,27
11/17/25 8:00,2,28.2
11/17/25 9:00,1.6,28.8
11/17/25 10:00,1.6,29.7
11/17/25 11:00,1.6,30.1
11/17/25 12:00,1.2,30.7
11/17/25 13:00,1.2,31.3
11/17/25 14:00,1.5,31.6
11/17/25 15:00,1.7,30.3
11/17/25 16:00,2.2,28.1
11/17/25 17:00,2.3,27.8
11/17/25 18:00,2.2,29.3
11/17/25 19:00,2.1,30.9
11/17/25 20:00,2.2,30.6
11/17/25 21:00,1.8,30.4
11/17/25 22:00,2.2,30.3
11/17/25 23:00,2.1,30.4
11/18/25,1.9,30.6
11/18/25 1:00,1.9,30.4
11/18/25 2:00,1.8,30.3
11/18/25 3:00,2,29.5
11/18/25 5:00,2.6,28.5
11/18/25 6:00,3.9,26.8
11/18/25 7:00,5.2,25.6
11/18/25 8:00,3.6,27.7
11/18/25 9:00,2,29.6
11/18/25 10:00,1.3,31
11/18/25 11:00,1.6,31.7
11/18/25 12:00,1.5,33.2
11/18/25 13:00,1.4,33.8
11/18/25 14:00,2,33.3
11/18/25 15:00,2.7,32.5
11/18/25 16:00,3.8,31
11/18/25 17:00,4.6,29.4
11/18/25 18:00,6.3,26.9
11/18/25 19:00,8.6,24
11/18/25 20:00,11.2,20.9
11/18/25 21:00,13.8,17.2
11/18/25 22:00,18.2,10.1
11/18/25 23:00,21.3,5.8
11/19/25,26,2.8
11/19/25 1:00,23.2,4.6
11/19/25 2:00,20.4,7.6
11/19/25 3:00,24,2.9
11/19/25 4:00,24.7,0.7
11/19/25 5:00,22.5,0.8
11/19/25 6:00,22.9,0.8
11/19/25 7:00,23.5,1.5
11/19/25 8:00,25.4,6
11/19/25 9:00,14.2,18.5
11/19/25 10:00,9.8,26.2
11/19/25 11:00,6.6,32.1
11/19/25 12:00,4.8,34.1
11/19/25 15:00,2.7,37.3
11/19/25 16:00,6.9,32.3
11/19/25 17:00,18.4,17.1
11/19/25 18:00,32.1,1.9
11/19/25 19:00,31.8,1.1
11/19/25 20:00,29.3,1.8
11/19/25 21:00,29.4,1.7
11/19/25 22:00,32.3,1.6
11/19/25 23:00,32.2,1.4
11/20/25,30.6,2.3
11/20/25 1:00,29,2.1
11/20/25 2:00,27.5,1.8
11/20/25 3:00,27.5,1.6
11/20/25 6:00,27.7,1.3
11/20/25 7:00,26.1,3.7
11/20/25 8:00,20.5,10
11/20/25 9:00,16,14.7
11/20/25 10:00,16,15.1
11/20/25 11:00,13.6,19.3
11/20/25 12:00,10.5,23.9
11/20/25 13:00,6.3,29.2
11/20/25 14:00,7.5,27.9
11/20/25 15:00,6.1,29.2
11/20/25 16:00,12.8,23.3
11/20/25 17:00,19.9,15.1
11/20/25 18:00,20.5,11.3
11/20/25 19:00,27.2,2.1
11/20/25 20:00,30.2,0.9
11/20/25 21:00,26.8,0.8
11/20/25 22:00,25.5,0.8
11/20/25 23:00,25.3,0.8
11/21/25 3:00,22.7,1
11/21/25 4:00,20.7,0.9
11/21/25 5:00,20.3,0.9
11/21/25 6:00,20.9,0.9
11/21/25 7:00,21.4,1.2
11/21/25 8:00,25.8,1.3
11/21/25 9:00,32.7,1.4
11/21/25 10:00,29.6,3.4
11/21/25 11:00,24.2,9.1
11/21/25 12:00,20.2,14.3
11/21/25 13:00,14.8,20.8
11/21/25 14:00,15.7,19.8
11/21/25 15:00,17.6,17.9
11/21/25 16:00,21.4,12.7
11/21/25 17:00,22.2,11.2
11/21/25 18:00,20.7,12.9
11/21/25 19:00,23.2,10.5
11/21/25 20:00,28.9,3.2
11/21/25 21:00,28.5,1.6
11/21/25 22:00,27.4,1.2
11/21/25 23:00,27.3,0.5
11/22/25,24.2,0.6
11/22/25 1:00,24,0.7
11/22/25 2:00,22.2,0.5
11/22/25 3:00,19.2,0.5
11/22/25 4:00,19.3,0.4
11/22/25 5:00,17.7,0.4
11/22/25 6:00,16.9,0.6
11/22/25 7:00,18.2,0.5
11/22/25 8:00,18.7,0.9
11/22/25 9:00,21.7,1.3
11/22/25 10:00,19.6,5.9
11/22/25 11:00,13,17.2
11/22/25 12:00,15,14.9
11/22/25 13:00,11.1,18.4
11/22/25 14:00,6.2,21.5
11/22/25 15:00,7,18.5
11/22/25 16:00,7.7,18.9
11/22/25 17:00,8.2,18.6
11/22/25 18:00,7.4,23.4
11/22/25 19:00,7.7,25.2
11/22/25 20:00,9.4,24
11/22/25 21:00,9,22.3
11/22/25 22:00,9.2,20.9
11/22/25 23:00,15.6,9.6
11/23/25,24.6,1.3
11/23/25 1:00,24.7,0.7
11/23/25 2:00,22.5,0.7
11/23/25 3:00,20.5,0.7
11/23/25 4:00,18.4,0.6
11/23/25 5:00,16.9,0.6
11/23/25 6:00,17.6,0.7
11/23/25 7:00,17.8,1.2
11/23/25 8:00,22,2.4
11/23/25 9:00,21.8,8
11/23/25 10:00,10.3,22.6
11/23/25 11:00,5.3,29.8
11/23/25 12:00,4.7,29.9
11/23/25 13:00,5.2,28.2
11/23/25 14:00,7.4,25.6
11/23/25 15:00,8.5,24.5
11/23/25 16:00,10,21.2
11/23/25 17:00,18.3,9.9
11/23/25 18:00,16.9,12.1
11/23/25 19:00,18.7,8.3
11/23/25 20:00,22.3,3.4
11/23/25 21:00,22.3,3.7
11/23/25 22:00,15.4,10.9
11/23/25 23:00,13,12.9
11/24/25 2:00,14.7,9.8
11/24/25 3:00,11.9,10
11/24/25 4:00,15.1,3.2
11/24/25 5:00,16.5,3.9
11/24/25 6:00,15.7,4.6
11/24/25 7:00,10.3,13.4
11/24/25 8:00,6.3,16.6
11/24/25 9:00,3.6,17.9
11/24/25 10:00,2.9,18.8
11/24/25 11:00,2.6,21.2
11/24/25 12:00,2.4,22.7
11/24/25 13:00,2.7,24.2
11/24/25 14:00,2.4,24.4
11/24/25 15:00,3,22.9
11/24/25 16:00,5.9,17.9
11/24/25 17:00,9.8,12.9
11/24/25 18:00,12.9,9.7
11/24/25 19:00,19.9,1.9
11/24/25 20:00,20.6,0.7
11/24/25 21:00,19.3,1.1
11/24/25 22:00,17.1,0.6
11/24/25 23:00,16.8,0.7
11/25/25,15.5,0.7
11/25/25 1:00,14.5,0.7
11/25/25 2:00,15.1,0.6
11/25/25 3:00,14.2,0.7
11/25/25 5:00,13.4,0.6
11/25/25 6:00,16.7,0.6
11/25/25 7:00,17.4,0.8
11/25/25 8:00,22.6,1.5
11/25/25 9:00,19.5,7.5
11/25/25 10:00,11.2,17.7
11/25/25 11:00,11.7,19.1
11/25/25 12:00,10,22.7
11/25/25 13:00,8.6,25.1
11/25/25 14:00,7,26.9
11/25/25 15:00,7.7,25.4
11/25/25 16:00,8.1,24.4
11/25/25 17:00,7.1,25
11/25/25 18:00,7.2,24.8
11/25/25 19:00,8.7,22.9
11/25/25 20:00,6.4,25
11/25/25 21:00,7.7,24.3
11/25/25 22:00,7.1,22.5
11/25/25 23:00,5.2,23.2
11/26/25,3.9,29.8
11/26/25 1:00,2.9,34.6
11/26/25 2:00,2,38.3
11/26/25 3:00,2.6,38.2
11/26/25 4:00,4,35.4
11/26/25 5:00,7.9,28.8
11/26/25 6:00,12.4,23.4
11/26/25 7:00,13.2,21.3
11/26/25 8:00,14.8,18.7
11/26/25 9:00,8.9,22.4
11/26/25 10:00,9.6,22
11/26/25 11:00,7.9,24.7
11/26/25 17:00,7.4,21.2
11/26/25 18:00,7,21.2
11/26/25 19:00,6.5,22.2
11/26/25 20:00,7.1,22
11/26/25 21:00,7,23.2
11/26/25 22:00,9,20.6
11/26/25 23:00,8.8,18.3
11/27/25,10.4,14.9
11/27/25 1:00,6.9,20.4
11/27/25 2:00,3,26.7
11/27/25 3:00,2,27.7
11/27/25 6:00,5.8,23.3
11/27/25 7:00,6,22.1
11/27/25 8:00,3.2,26.3
11/27/25 9:00,1.9,29.4
11/27/25 10:00,1.6,31.6
11/27/25 11:00,1.5,31.6
11/27/25 12:00,1.2,31.7
11/27/25 13:00,1.3,31.8
11/27/25 14:00,1.3,31.5
11/27/25 15:00,1.6,29.7
11/27/25 16:00,3.1,27.4
11/27/25 17:00,5.3,24.8
11/27/25 18:00,6.2,23.3
11/27/25 19:00,5.6,23.5
11/27/25 20:00,5.6,23.4
11/27/25 21:00,4.7,23.9
11/27/25 22:00,4,23.8
11/27/25 23:00,4.2,23.4
11/28/25 3:00,4,23.6
11/28/25 4:00,4.3,23.6
11/28/25 5:00,5.3,23.9
11/28/25 6:00,5.8,23.5
11/28/25 7:00,6.3,22.9
11/28/25 8:00,4.8,25.1
11/28/25 9:00,3.3,28.3
11/28/25 10:00,2.7,30.6
11/28/25 11:00,2.2,32.4
11/28/25 12:00,1.7,34.6
11/28/25 13:00,1.4,35.8
11/28/25 14:00,1.6,36.4
11/28/25 15:00,2.3,35.4
11/28/25 16:00,3.1,34.5
11/28/25 17:00,3.8,34.1
11/28/25 18:00,3.9,34.1
11/28/25 19:00,3.8,34.8
11/28/25 20:00,3,35.7
11/28/25 21:00,3.2,35.1
11/28/25 22:00,3,35
11/28/25 23:00,3.3,34.3
11/29/25,2.2,35.4
11/29/25 1:00,1.7,36.2
11/29/25 2:00,1.6,36.8
11/29/25 3:00,2,36
11/29/25 4:00,2.3,36.2
11/29/25 5:00,2.8,35.6
11/29/25 6:00,3.3,35.1
11/29/25 7:00,3.9,34.6
11/29/25 8:00,2.8,35.9
11/29/25 9:00,1.4,37.8
11/29/25 10:00,1,39.1
11/29/25 11:00,1,39.5
11/29/25 12:00,1,39.5
11/29/25 13:00,0.8,40
11/29/25 14:00,1.1,40.3
11/29/25 15:00,1.5,39.6
11/29/25 16:00,3.8,37.2
11/29/25 17:00,9.2,30.8
11/29/25 18:00,13,26.6
11/29/25 19:00,11.2,28
11/29/25 20:00,10.9,27.5
11/29/25 21:00,22.1,12.7
11/29/25 22:00,32.4,2.7
11/29/25 23:00,31.9,1.6
11/30/25,30,1.3
11/30/25 1:00,32,1.1
11/30/25 2:00,30.4,2.4
11/30/25 3:00,30.5,1.8
11/30/25 4:00,30.4,1.3
11/30/25 5:00,30.2,1
11/30/25 6:00,24.1,5
11/30/25 7:00,14,17
11/30/25 8:00,7.5,27.2
11/30/25 9:00,7.1,27.3
11/30/25 10:00,8.5,25.9
11/30/25 11:00,9,30.3
11/30/25 12:00,3.4,39.4
11/30/25 13:00,3.4,39.7
11/30/25 14:00,5.2,36.4
11/30/25 15:00,4.8,36.8
11/30/25 16:00,4.1,37.3
11/30/25 17:00,3.8,38.2
11/30/25 18:00,3.6,38.6
11/30/25 19:00,3,38.9
11/30/25 20:00,4.2,36.8
11/30/25 21:00,5.2,33.2
11/30/25 22:00,4.2,31.4
11/30/25 23:00,4.3,29.4
12/1/25 2:00,5.4,24.1
12/1/25 3:00,4.7,23.4
12/1/25 4:00,4.9,22.5
12/1/25 5:00,5.2,23.2
12/1/25 6:00,6.1,23.5
12/1/25 7:00,7.7,22.7
12/1/25 8:00,3.7,28.5
12/1/25 9:00,2.2,31.3
12/1/25 10:00,1.6,33.5
12/1/25 11:00,1.5,34.4
12/2/25 18:00,7.5,15.2
12/2/25 19:00,3.7,21.2
12/2/25 20:00,2.4,24.3
12/2/25 21:00,1.6,26.5
12/2/25 22:00,1.2,28
12/2/25 23:00,0.7,29.8
12/3/25,0.6,29.8
12/3/25 1:00,0.7,29.4
12/3/25 2:00,1.2,29.5
12/3/25 3:00,0.6,31.1
12/3/25 4:00,1,28
12/3/25 5:00,2,25.4
12/3/25 6:00,2.7,25.6
12/3/25 7:00,3.2,24.7
12/3/25 8:00,2.3,25.5
12/3/25 14:00,3.7,33
12/3/25 15:00,4.5,32.2
12/3/25 16:00,9.5,26.3
12/3/25 17:00,17,17.8
12/3/25 18:00,23,12
12/3/25 19:00,14.5,21
12/3/25 20:00,26.6,5.5
12/3/25 21:00,26.3,6.4
12/3/25 22:00,29,1.7
12/3/25 23:00,28.5,1
12/4/25,25,6
12/4/25 1:00,23.7,9.6
12/4/25 2:00,20.5,12.8
12/4/25 3:00,19.2,13.5
12/4/25 6:00,15.6,19.7
12/4/25 7:00,19.7,15.7
12/4/25 8:00,17.7,17.6
12/4/25 9:00,11.9,22.7
12/4/25 10:00,8.5,24.9
12/4/25 11:00,8.5,23.8
12/4/25 12:00,5,27.3
12/4/25 13:00,3.4,30.4
12/4/25 14:00,3.3,30.7
12/4/25 15:00,4.2,29.2
12/4/25 16:00,3.6,32.1
12/4/25 17:00,2.6,36.4
12/4/25 18:00,1.8,37.2
12/4/25 19:00,1.8,36.4
12/4/25 20:00,1.7,36.7
12/4/25 21:00,1.6,36.9
12/4/25 22:00,1.3,37.5
12/4/25 23:00,2.1,36.6
12/5/25 3:00,2.4,35.9
12/5/25 4:00,3.4,34.6
12/5/25 5:00,5.7,31.8
12/5/25 6:00,5.8,31.5
12/5/25 7:00,6.9,30.1
12/5/25 8:00,6.8,31
12/5/25 9:00,6,32
12/5/25 10:00,6.2,31.9
12/5/25 11:00,8.3,30.5
12/5/25 12:00,7.4,31.6
12/5/25 13:00,6.3,32.2
12/5/25 14:00,6.3,31.8
12/5/25 15:00,7.6,30.6
12/5/25 16:00,12.5,25.3
12/5/25 17:00,17.6,19.5
12/5/25 18:00,19,17.2
12/5/25 19:00,20.3,16.6
12/5/25 20:00,14,20.1
12/5/25 21:00,8.7,25.8
12/5/25 22:00,10.7,23.3
12/5/25 23:00,10.7,22.5
12/6/25,14.7,18.3
12/6/25 1:00,19.5,12.5
12/6/25 2:00,21,10.2
12/6/25 3:00,20.8,9.7
12/6/25 4:00,22.5,7.3
12/6/25 5:00,22.4,6.5
12/6/25 6:00,26.7,2.9
12/6/25 7:00,28.1,2.4
12/6/25 8:00,27.5,3.1
12/6/25 9:00,26.4,5.2
12/6/25 10:00,27.3,6.1
12/6/25 11:00,23.6,12.7
12/6/25 12:00,19.4,20.3
12/6/25 13:00,13.5,27
12/6/25 14:00,8.1,31.9
12/6/25 15:00,8.6,29.6
12/6/25 16:00,10.7,25
12/6/25 17:00,14.9,18.6
12/6/25 18:00,24.7,9.5
12/6/25 19:00,22.7,11.1
12/6/25 20:00,25.8,8.1
12/6/25 21:00,21.2,11
12/6/25 22:00,21.2,9.8
12/6/25 23:00,26.2,4.2
12/7/25,26.8,1.4
12/7/25 1:00,26.5,2
12/7/25 2:00,23.8,0.7
12/7/25 3:00,22.8,0.6
12/7/25 4:00,22.8,0.6
12/7/25 5:00,19.1,0.7
12/7/25 6:00,21.8,0.7
12/7/25 7:00,20.4,1
12/7/25 8:00,21.4,3
12/7/25 9:00,17.6,14.1
12/7/25 10:00,6.3,29.9
12/7/25 11:00,5.6,31.4
12/7/25 12:00,5,32.6
12/7/25 13:00,4.4,32.3
12/7/25 14:00,4.8,31.4
12/7/25 15:00,5.3,31.4
12/7/25 16:00,5.1,31.8
12/7/25 17:00,10.1,26.7
12/7/25 18:00,13.4,23.7
12/7/25 19:00,13.8,23.5
12/7/25 20:00,10.4,26
12/7/25 21:00,9.4,25
12/7/25 22:00,7.9,24.6
12/7/25 23:00,8.5,23
12/8/25 2:00,4.3,27.7
12/8/25 3:00,2.1,34.7
12/8/25 4:00,2.7,34
12/8/25 5:00,1.8,36.5
12/8/25 6:00,2.4,36.5
12/8/25 7:00,4.1,34.7
12/8/25 8:00,3.7,35.7
12/8/25 9:00,2.2,37.8
12/8/25 10:00,2.1,38.1
12/8/25 11:00,2.1,38.2
12/8/25 12:00,1.9,38.1
12/8/25 13:00,2,38.1
12/8/25 14:00,2.5,36.9
12/8/25 15:00,4.1,35.4
12/8/25 16:00,4.5,34.9
12/8/25 17:00,8.5,30.3
12/8/25 18:00,9.5,29.5
12/8/25 19:00,9.9,28.6
12/8/25 20:00,9.5,28.6
12/8/25 21:00,9.7,29.2
12/8/25 22:00,10.6,28.1
12/8/25 23:00,10.7,26.8
12/9/25,10.2,26.9
12/9/25 1:00,12.8,23.7
12/9/25 2:00,13.3,22.8
12/9/25 3:00,11.3,24.3
12/9/25 5:00,15.6,20.3
12/9/25 6:00,17.2,17.8
12/9/25 7:00,19.9,15.9
12/9/25 8:00,15.1,21.4
12/9/25 9:00,13.1,25.1
12/9/25 10:00,10.2,29.9
12/9/25 11:00,13.6,27.8
12/9/25 12:00,12.3,30
12/9/25 13:00,9.8,31.7
12/9/25 14:00,6.5,34.4
12/9/25 15:00,8,33.5
12/9/25 16:00,9.2,33
12/9/25 17:00,9.9,32.4
12/9/25 18:00,12.7,29.5
12/9/25 19:00,13.5,28.4
12/9/25 20:00,16.7,24.5
12/9/25 21:00,18.5,22.8
12/9/25 22:00,14,26.5
12/9/25 23:00,8.1,31.3
12/10/25,13.7,24.5
12/10/25 1:00,10.2,28
12/10/25 2:00,8.9,28.6
12/10/25 3:00,9.7,27.7
12/10/25 4:00,12.8,24.6
12/10/25 5:00,9.2,28
12/10/25 6:00,18,18.6
12/10/25 7:00,17.4,19.1
12/11/25 13:00,1.3,39
12/11/25 14:00,1.6,38.8
12/11/25 15:00,2,37.7
12/11/25 16:00,2.7,37.3
12/11/25 17:00,2.7,37.3
12/11/25 18:00,2.2,37.8
12/11/25 19:00,2.2,37.3
12/11/25 20:00,2,37.3
12/11/25 21:00,2.5,36.3
12/11/25 22:00,2.4,35.8
12/11/25 23:00,2.4,35.5
12/12/25 3:00,2.7,33.7
12/12/25 4:00,2.9,34.2
12/12/25 5:00,2.5,34.9
12/12/25 6:00,3.1,33.6
12/12/25 7:00,4.1,33
12/12/25 8:00,3.1,34.2
12/12/25 9:00,2.6,35.2
12/12/25 10:00,2.1,36.2
12/12/25 17:00,5.2,34.4
12/12/25 18:00,5.7,33.4
12/12/25 19:00,6.9,31.8
12/12/25 20:00,5.7,32.6
12/12/25 21:00,4.9,33.3
12/12/25 22:00,4.1,34.1
12/12/25 23:00,8.1,29
12/13/25,9.5,27.2
12/13/25 1:00,8.8,28.1
12/13/25 2:00,7.4,29.2
12/13/25 3:00,11.6,25
12/13/25 4:00,12.5,23.7
12/13/25 5:00,16.4,19.2
12/13/25 6:00,16.7,17.5
12/13/25 7:00,29.1,5
12/13/25 8:00,27.8,7.2
12/13/25 9:00,19.9,16.1
12/13/25 10:00,12.6,25.1
12/13/25 11:00,7.5,30.1
12/13/25 12:00,8.8,27.6
12/13/25 13:00,8.3,27.5
12/13/25 14:00,9.8,26
12/13/25 15:00,10.8,24.1
12/13/25 16:00,14.4,20.2
12/13/25 17:00,16.7,17.8
12/13/25 18:00,13.1,21.2
12/13/25 19:00,11.5,22.2
12/13/25 20:00,9.9,23.2
12/13/25 21:00,12.3,20.5
12/13/25 22:00,13.8,18.7
12/13/25 23:00,13.8,18.2
12/14/25,7.9,24.3
12/14/25 1:00,13.7,16.7
12/14/25 2:00,17,11.9
12/14/25 3:00,20.5,7.6
12/14/25 4:00,18.7,7.4
12/14/25 5:00,18.2,6
12/14/25 6:00,14.5,8.5
12/14/25 7:00,14.7,8.3
12/14/25 8:00,12.4,11.9
12/14/25 9:00,13.6,12.2
12/14/25 10:00,13.1,14.5
12/14/25 11:00,7.7,20.4
12/14/25 12:00,8.6,18.8
12/14/25 13:00,7.3,21
12/14/25 14:00,5.8,23.1
12/14/25 15:00,5.2,24.6
12/14/25 16:00,3.8,28.7
12/14/25 17:00,4.7,28.4
12/14/25 18:00,3.5,31.5
12/14/25 19:00,3.2,32.2
12/14/25 20:00,2.5,33.1
12/14/25 21:00,2.5,32.3
12/14/25 22:00,2.6,31.4
12/14/25 23:00,2,32.2
12/15/25 2:00,2.1,31
12/15/25 3:00,2.1,30.6
12/15/25 4:00,2,30.2
12/15/25 5:00,2.9,28.7
12/15/25 6:00,4.6,26.7
12/15/25 8:00,,
12/15/25 9:00,,
12/15/25 10:00,,
12/15/25 11:00,,
12/15/25 12:00,,
12/15/25 17:00,7.3,33.1
12/15/25 18:00,8,32
12/15/25 19:00,9.7,30
12/15/25 20:00,8.4,30.7
12/15/25 21:00,6.9,31.5
12/15/25 22:00,6.3,32
12/15/25 23:00,8.6,29.3
12/16/25,9.4,28
12/16/25 1:00,9.9,25.6
12/16/25 2:00,9.8,24.6
12/16/25 3:00,10.3,23.7
12/16/25 5:00,20.3,13.4
12/16/25 6:00,30.7,3.2
12/16/25 7:00,28.7,4
12/16/25 8:00,23.5,9.3
12/16/25 9:00,20.6,15.1
12/16/25 14:00,8,28.4
12/16/25 19:00,27.7,9.7
12/16/25 20:00,32.6,5.2
12/16/25 21:00,27.8,8.9
12/16/25 22:00,26.9,10.3
12/16/25 23:00,23.9,12.6
12/17/25,19,16.8
12/17/25 1:00,20.1,15.4
12/17/25 2:00,23.6,12.1
12/17/25 3:00,25,10.4
12/17/25 4:00,27,9.1
12/17/25 5:00,27.4,9.4
12/17/25 6:00,25,12.3
12/17/25 7:00,23,14.7
12/17/25 8:00,18.4,19.9
12/17/25 9:00,16,23.7
12/17/25 10:00,14.2,25.4
12/17/25 21:00,18.1,18.9
12/17/25 22:00,12.1,23.2
12/17/25 23:00,6.9,27
12/18/25,4.9,28.1
12/18/25 1:00,10.1,21.9
12/18/25 2:00,19.2,10.7
12/18/25 3:00,26.4,1.8
12/18/25 4:00,29.5,0.7
12/18/25 5:00,30.4,0.8
12/18/25 6:00,25.3,0.8
12/18/25 7:00,28.6,1.2
12/18/25 8:00,27.4,2.9
12/18/25 9:00,28.3,6.8
12/18/25 10:00,26.2,10.6
12/18/25 11:00,10.2,24.2
12/18/25 12:00,4.4,30.6
12/18/25 13:00,3.7,32.9
12/18/25 14:00,3.9,33.4
12/18/25 15:00,5.1,31.7
12/18/25 16:00,8.3,27.7
12/18/25 17:00,8.5,25.8
12/18/25 18:00,12.9,19.5
12/18/25 19:00,15.3,14.6
12/18/25 20:00,14.8,14.4
12/18/25 21:00,12.9,18.9
12/18/25 22:00,8.5,27.6
12/18/25 23:00,3.2,36.1
12/19/25 2:00,0.3,38
12/19/25 3:00,3.5,37.5
12/19/25 4:00,3.5,38
12/19/25 5:00,3.8,37.4
12/19/25 6:00,3.8,37
12/19/25 7:00,3.6,36.4
12/19/25 8:00,2.6,37.9
12/19/25 9:00,1.7,39.6
12/19/25 10:00,1.6,40.1
12/19/25 11:00,1.6,40.8
12/19/25 12:00,1.1,40.9
12/19/25 13:00,1.1,40.4
12/19/25 14:00,3.2,38.4
12/19/25 15:00,4.7,39.3
12/19/25 16:00,2.7,42
12/19/25 17:00,2.3,37.8
12/19/25 18:00,3.5,34.2
12/19/25 19:00,4.1,32.5
12/19/25 20:00,2.6,31
12/19/25 21:00,2.9,21.3
12/19/25 22:00,2.9,20.1
12/19/25 23:00,2.3,22.6
12/20/25,2.3,23.7
12/20/25 1:00,2.4,23.8
12/20/25 2:00,2.3,25.9
12/20/25 3:00,1.8,30.3
12/20/25 4:00,2.5,29.4
12/20/25 5:00,2.9,29.1
12/20/25 6:00,3.6,28.6
12/20/25 7:00,4.9,28.6
12/20/25 8:00,3.2,33.8
12/20/25 9:00,1.6,38.3
12/20/25 10:00,1.8,39.2
12/20/25 11:00,1.8,39.9
12/20/25 12:00,1.6,40.3
12/20/25 13:00,1.7,40.6
12/20/25 14:00,3.5,38.4
12/20/25 15:00,4.3,36.8
12/20/25 16:00,7.5,32.5
12/20/25 17:00,11.7,27.4
12/20/25 18:00,19.6,18.4
12/20/25 19:00,12.3,23.4
12/20/25 20:00,9,26.4
12/20/25 21:00,7.7,26.2
12/20/25 22:00,7.9,25.2
12/20/25 23:00,7.2,25.6
12/21/25,6.1,27.6
12/21/25 1:00,6,29.4
12/21/25 2:00,6.3,29.8
12/21/25 3:00,6.7,29.2
12/21/25 4:00,5,30.9
12/21/25 5:00,4.1,31.9
12/21/25 6:00,5.3,30.7
12/21/25 7:00,5.1,30.2
12/21/25 8:00,6.2,27.5
12/21/25 9:00,5.5,27.4
12/21/25 10:00,3.6,29.4
12/21/25 11:00,2.5,32.5
12/21/25 12:00,2.2,32.2
12/21/25 13:00,1.6,33.5
12/21/25 14:00,1.5,34.6
12/21/25 15:00,1.6,35.8
12/21/25 16:00,1.9,34.4
12/21/25 17:00,1.7,33.9
12/21/25 18:00,2.2,32.7
12/21/25 19:00,2,33.1
12/21/25 20:00,2.2,32.8
12/21/25 21:00,4.7,29.6
12/21/25 22:00,5.4,28.3
12/21/25 23:00,1.1,32.9
12/22/25 2:00,3.3,33.9
12/22/25 3:00,3.5,34.4
12/22/25 4:00,3.8,34.6
12/22/25 5:00,3.4,34.7
12/22/25 6:00,4,34.2
12/22/25 7:00,3.4,35.7
12/22/25 8:00,2.6,37
12/22/25 9:00,2.2,37.9
12/22/25 10:00,1.8,39.1
12/22/25 11:00,2.3,38.6
12/22/25 12:00,2.1,38.9
12/22/25 13:00,1.9,38.7
12/22/25 14:00,2,38
12/22/25 15:00,3.2,35.8
12/22/25 16:00,9.1,30
12/22/25 17:00,17.6,21.8
12/22/25 18:00,25.7,13.9
12/22/25 19:00,27.3,12.4
12/22/25 20:00,25.1,13
12/22/25 21:00,26.8,9.8
12/22/25 22:00,18,16.5
12/22/25 23:00,27.1,6
12/23/25,28.1,1.6
12/23/25 1:00,25.6,3.3
12/23/25 2:00,25.9,3.1
12/23/25 3:00,27,1.4
12/23/25 4:00,25,1.2
12/23/25 5:00,22.6,0.9
12/23/25 6:00,29,1.1
12/23/25 7:00,29.7,1.2
12/23/25 8:00,30,2
12/23/25 9:00,22,14.2
12/23/25 10:00,12.3,23.7
12/23/25 11:00,13.9,21.5
12/23/25 17:00,13.3,19.3
12/23/25 18:00,12.1,19.5
12/23/25 19:00,12.3,19.7
12/23/25 20:00,9.1,22.7
12/23/25 21:00,10,20.4
12/23/25 22:00,12.3,17.4
12/23/25 23:00,11.9,16.7
12/24/25,11.5,16.7
12/24/25 1:00,12,17.4
12/24/25 2:00,10.1,21.8
12/24/25 3:00,7.6,21.8
12/24/25 4:00,7.5,19.2
12/24/25 5:00,7.2,20.2
12/24/25 6:00,5.5,24.1
12/24/25 7:00,4.3,27.7
12/24/25 8:00,5.5,26.3
12/24/25 9:00,3.9,26.4
12/24/25 10:00,4.3,23.8
12/24/25 11:00,3.5,21.8
12/24/25 12:00,2.7,21.5
12/24/25 13:00,3.2,21.2
12/24/25 14:00,3,22.9
12/26/25 10:00,3,35.2
12/26/25 11:00,3.1,35.7
12/26/25 12:00,3,36.5
12/26/25 13:00,3.3,36.2
12/26/25 14:00,3.6,36.2
12/26/25 15:00,4.6,35.6
12/26/25 16:00,5.4,33.6
12/26/25 17:00,6.4,32.8
12/26/25 18:00,9.2,30.3
12/26/25 19:00,9.7,28.8
12/26/25 20:00,8.2,28.7
12/26/25 21:00,7.3,30.1
12/26/25 22:00,7.5,29.8
12/26/25 23:00,7.5,29.6
12/27/25,8.3,27.9
12/27/25 1:00,10.4,24.9
12/27/25 2:00,12.9,21.7
12/27/25 3:00,15.2,19.4
12/27/25 4:00,13.3,21.4
12/27/25 5:00,11.1,23.5
12/27/25 6:00,9.2,26.1
12/27/25 7:00,8,28.4
12/27/25 8:00,7.7,29.2
12/27/25 9:00,6.5,30.8
12/27/25 10:00,5.6,32.2
12/27/25 11:00,5.3,32.7
12/27/25 12:00,5.7,32.4
12/27/25 13:00,5.2,33.3
12/27/25 14:00,4.4,35.7
12/27/25 15:00,5.8,34.8
12/27/25 16:00,11.7,28.7
12/27/25 17:00,21.6,17.9
12/27/25 18:00,28,10.3
12/27/25 19:00,34.3,4.8
12/27/25 20:00,32.9,4.8
12/27/25 21:00,35.8,2.2
12/27/25 22:00,36.2,1.7
12/27/25 23:00,34.1,2.6
12/28/25,33.1,2
12/28/25 1:00,32.7,3.2
12/28/25 2:00,26.5,7.4
12/28/25 3:00,31.8,1
12/28/25 4:00,35.3,1.2
12/28/25 5:00,32.5,2.2
12/28/25 6:00,36.7,1
12/28/25 7:00,34.3,1.3
12/28/25 8:00,32.1,4.1
12/28/25 9:00,22,16
12/28/25 10:00,15.4,24
12/28/25 11:00,12.2,30.2
12/28/25 12:00,14.7,29.6
12/28/25 13:00,14.6,29.7
12/28/25 14:00,11.2,32.5
12/28/25 15:00,12.3,31.3
12/28/25 16:00,13.5,31.4
12/28/25 17:00,25.8,18.6
12/28/25 18:00,23,19.8
12/28/25 19:00,15.8,24.7
12/28/25 20:00,12.6,23.5
12/28/25 21:00,12.4,20.5
12/28/25 22:00,14.3,17
12/28/25 23:00,13,17.6
12/29/25 2:00,9.8,18.1
12/29/25 3:00,9.8,22.2
12/29/25 4:00,3.9,32.8
12/29/25 5:00,5,32.7
12/29/25 6:00,6,31.7
12/29/25 7:00,9.2,27.2
12/29/25 8:00,9.4,25.7
12/29/25 9:00,10.6,23.3
12/29/25 10:00,9.9,23.6
12/29/25 11:00,10.1,21.8
12/29/25 12:00,9.1,21.6
12/29/25 13:00,9.7,19.2
12/29/25 18:00,8.6,20.9
12/29/25 19:00,5.6,25.9
12/29/25 20:00,6.2,24.6
12/29/25 21:00,3.2,26.3
12/29/25 22:00,2.3,20.7
12/29/25 23:00,2.6,23.3
12/30/25,1.9,27.6
12/30/25 1:00,1.7,31.3
12/30/25 2:00,1.5,33.6
12/30/25 3:00,1.4,34.5
12/30/25 5:00,2.3,33.6
12/30/25 6:00,3,32.3
12/30/25 7:00,3.5,31.8
12/30/25 8:00,3,32.7
12/30/25 12:00,1.9,37.3
12/30/25 13:00,1.7,38.1
12/30/25 14:00,2.2,38.5
12/30/25 15:00,2.3,40.1
12/30/25 16:00,2.8,39.7
12/30/25 17:00,4.1,37.6
12/30/25 18:00,5.5,36
12/30/25 19:00,6.1,35.5
12/30/25 20:00,5.5,35.9
12/30/25 21:00,4.2,38
12/30/25 22:00,4.1,37.9
12/30/25 23:00,3.8,38
12/31/25,3.6,38
12/31/25 1:00,3.8,37.8
12/31/25 2:00,4.5,36.7
12/31/25 3:00,4.4,36.9
12/31/25 4:00,5.1,36.4
12/31/25 5:00,9.7,31.8
12/31/25 6:00,13.1,28.1
12/31/25 7:00,14.3,26.9
12/31/25 8:00,13.2,27.7
12/31/25 9:00,8.1,32.6
12/31/25 10:00,4.4,37.2
12/31/25 11:00,3.5,38.6
12/31/25 12:00,3.1,39.2
12/31/25 13:00,3.6,38.9
12/31/25 16:00,6.1,36.1
12/31/25 17:00,7.1,34
12/31/25 18:00,10.3,29.1
12/31/25 19:00,15.4,23.5
12/31/25 20:00,19.9,18.6
12/31/25 21:00,11.2,25.3
12/31/25 22:00,11.2,23.9
12/31/25 23:00,14.2,20.3
1/1/26,15.3,18.5
1/1/26 1:00,8.9,22.8
1/1/26 2:00,6.6,24
1/1/26 3:00,6.7,24.3
1/1/26 6:00,11.8,20.2
1/1/26 7:00,22.5,7.6
1/1/26 8:00,18.4,11.3
1/1/26 9:00,2.7,34.4
1/1/26 10:00,1.9,38.7
1/1/26 11:00,1.5,41.6
1/1/26 12:00,1.2,42.4
1/1/26 13:00,1.2,42.7
1/1/26 14:00,1.3,43.3
1/1/26 15:00,1.8,42.8
1/1/26 16:00,2.3,42.3
1/1/26 17:00,2.9,41.2
1/1/26 18:00,2.6,41.7
1/1/26 19:00,2.7,40.2
1/1/26 20:00,3,39.2
1/1/26 21:00,2.9,38.7
1/1/26 22:00,4.4,36.9
1/1/26 23:00,5.6,35.3
1/2/26 3:00,6.6,34.9
1/2/26 4:00,6.2,34.6
1/2/26 5:00,9.5,31.2
1/2/26 6:00,8.6,31.6
1/2/26 7:00,10,30.2
1/2/26 8:00,8.5,31.4
1/2/26 9:00,7.6,32
1/2/26 10:00,6.1,33.6
1/2/26 11:00,3.8,36.8
1/2/26 12:00,2.7,38.9
1/2/26 13:00,2.8,39.7
1/2/26 14:00,2.5,40.5
1/2/26 15:00,3.7,39
1/2/26 16:00,5.6,36.6
1/2/26 17:00,11.1,31.1
1/2/26 18:00,9.9,32
1/2/26 19:00,11.3,30.4
1/2/26 20:00,12.8,28.7
1/2/26 21:00,15.7,25.5
1/2/26 22:00,12.4,28.3
1/2/26 23:00,8.3,31.7
1/3/26,9,30.6
1/3/26 1:00,8.7,30.9
1/3/26 2:00,8.7,30.8
1/3/26 3:00,9.3,30.2
1/3/26 4:00,7.6,32.1
1/3/26 5:00,8,31.5
1/3/26 6:00,9.4,30.2
1/3/26 7:00,9.3,30.8
1/3/26 8:00,6.8,34.3
1/3/26 9:00,4.7,36.8
1/3/26 10:00,2.8,39.5
1/3/26 11:00,2,40.8
1/3/26 12:00,2,41
1/3/26 13:00,2.1,40.9
1/3/26 14:00,2.2,41.1
1/3/26 15:00,2.9,40.7
1/3/26 16:00,7,36.8
1/3/26 17:00,14.7,29.3
1/3/26 18:00,19.3,24.4
1/3/26 19:00,18.1,25.3
1/3/26 20:00,27.1,15.7
1/3/26 21:00,36.6,6.4
1/3/26 22:00,20.5,21
1/3/26 23:00,15.3,25.6
1/4/26,11.7,29.5
1/4/26 1:00,10.8,29.9
1/4/26 2:00,9.4,30.6
1/4/26 3:00,10.8,28.7
1/4/26 4:00,11.2,27.8
1/4/26 5:00,9.7,29.1
1/4/26 6:00,8.3,30.4
1/4/26 7:00,11.1,26.7
1/4/26 8:00,10.5,26.7
1/4/26 9:00,7.7,29.9
1/4/26 10:00,4.9,33.3
1/4/26 11:00,3.2,36
1/4/26 12:00,2.7,37
1/4/26 13:00,2.5,37.1
1/4/26 14:00,2,37.5
1/4/26 15:00,2,37.6
1/4/26 16:00,2.7,36.9
1/4/26 17:00,6.1,33.3
1/4/26 18:00,7.4,31.6
1/4/26 19:00,8.4,30.5
1/4/26 20:00,7.6,30.7
1/4/26 21:00,5.1,33
1/4/26 22:00,5.1,32.7
1/4/26 23:00,3.8,34.5
1/5/26 2:00,4.6,33.3
1/5/26 3:00,4.8,33.3
1/5/26 4:00,5.5,32.1
1/5/26 5:00,7.7,29.6
1/5/26 6:00,7.8,29.2
1/5/26 7:00,14.1,23.3
1/5/26 8:00,9,28
1/5/26 9:00,6.8,30.3
1/5/26 10:00,6.4,30.7
1/5/26 11:00,8.2,29.5
1/5/26 12:00,8.4,29.8
1/5/26 13:00,8.1,30.7
1/5/26 14:00,9.9,29.2
1/5/26 15:00,12.9,26.1
1/5/26 16:00,9.2,29.6
1/5/26 17:00,7.9,30
1/5/26 18:00,6.4,31
1/5/26 19:00,7.3,29.2
1/5/26 20:00,8,28.4
1/5/26 21:00,10.2,25.4
1/5/26 22:00,12.2,23.6
1/5/26 23:00,9.3,24.3
1/6/26,8.9,23.1
1/6/26 1:00,14.5,17.4
1/6/26 2:00,13.5,18.1
1/6/26 3:00,13.6,17.3
1/6/26 5:00,16,12.9
1/6/26 6:00,14.3,15.2
1/6/26 7:00,15.7,13.7
1/6/26 8:00,14.5,14.4
1/6/26 9:00,13.3,15.5
1/6/26 10:00,12.3,18.1
1/6/26 11:00,13.9,18.2
1/6/26 12:00,16.9,16
1/6/26 13:00,16.3,17.5
1/6/26 14:00,9.6,22.8
1/6/26 15:00,9.3,23.4
1/6/26 16:00,11.8,20.6
1/6/26 17:00,11.8,19.7
1/6/26 18:00,14.5,16.3
1/6/26 19:00,14.9,15.2
1/6/26 20:00,13.9,15.7
1/6/26 21:00,12.3,17
1/6/26 22:00,12.5,17.2
1/6/26 23:00,10.1,20.1
1/7/26,10.5,19.4
1/7/26 1:00,8.7,22.4
1/7/26 2:00,8,23.2
1/7/26 3:00,8.5,23.1
1/7/26 4:00,8.3,24
1/7/26 5:00,13.5,15.6
1/7/26 6:00,16.8,10.3
1/7/26 7:00,18,8.3
1/7/26 8:00,13.6,11.5
1/7/26 9:00,15.5,10.5
1/7/26 10:00,13.3,13.1
1/7/26 11:00,12.8,13.9
1/7/26 12:00,10.9,16.6
1/7/26 13:00,11,16.5
1/7/26 14:00,10.2,17.1
1/7/26 16:00,16.4,9.9
1/7/26 17:00,11.7,13.4
1/7/26 18:00,9.7,13.9
1/7/26 19:00,9.7,13
1/7/26 20:00,10.4,12
1/7/26 21:00,9.3,12.4
1/7/26 22:00,10.7,10.8
1/7/26 23:00,9.2,12.3
1/8/26,10.7,11.5
1/8/26 1:00,12.3,9.8
1/8/26 2:00,12,11.2
1/8/26 3:00,11,13.7
1/8/26 6:00,24.9,4.2
1/8/26 7:00,24.7,2.9
1/8/26 8:00,25.9,1.9
1/8/26 9:00,26.4,6.2
1/8/26 10:00,11.8,20.1
1/8/26 11:00,7.7,23.8
1/8/26 12:00,4.5,27.3
1/8/26 13:00,3.7,28.8
1/8/26 14:00,3.7,28.8
1/8/26 15:00,5,26.8
1/8/26 16:00,9.4,21.1
1/8/26 17:00,17.9,12.1
1/8/26 18:00,16.2,12.5
1/8/26 19:00,20,6.9
1/8/26 20:00,23,1.5
1/8/26 21:00,21.4,0.6
1/8/26 22:00,19.5,0.6
1/8/26 23:00,16.3,0.7
1/9/26 3:00,16.8,0.7
1/9/26 4:00,16.8,0.7
1/9/26 5:00,16.9,0.8
1/9/26 6:00,18.8,0.7
1/9/26 7:00,19.4,0.9
1/9/26 8:00,21.1,1
1/9/26 9:00,26.9,1.8
1/9/26 10:00,19,5.9
1/9/26 11:00,11,15.3
1/9/26 12:00,5.1,28.4
1/9/26 13:00,3.8,31.7
1/9/26 14:00,4.8,30.9
1/9/26 15:00,5.3,30.4
1/9/26 16:00,5.1,30.9
1/9/26 17:00,5.3,31
1/9/26 18:00,4.6,32
1/9/26 19:00,4.4,31.8
1/9/26 20:00,4.5,31.8
1/9/26 21:00,4.5,32.5
1/9/26 22:00,4.2,33.1
1/9/26 23:00,6.2,28.6
1/10/26,5.2,26
1/10/26 1:00,4.4,24.9
1/10/26 2:00,3.4,25.3
1/10/26 3:00,3.3,24.9
1/10/26 4:00,3.4,24.3
1/10/26 5:00,4.2,22.5
1/10/26 6:00,5.6,20.6
1/10/26 7:00,12,12.5
1/10/26 8:00,18,6.7
1/10/26 9:00,11.8,12.8
1/10/26 10:00,10.6,13.9
1/10/26 11:00,7.1,18.5
1/10/26 12:00,6,20.2
1/10/26 13:00,6.2,19.3
1/10/26 14:00,6.2,20.2
1/10/26 15:00,7.7,17.7
1/10/26 16:00,12.2,12
1/10/26 17:00,12.9,10.2
1/10/26 18:00,9.9,12
1/10/26 19:00,7.4,14.2
1/10/26 20:00,6.3,16.3
1/10/26 21:00,5.5,17.1
1/10/26 22:00,5.8,17.6
1/10/26 23:00,5.2,18.7
1/11/26,3.5,23.2
1/11/26 1:00,2.9,26.5
1/11/26 2:00,5.4,25.5
1/11/26 3:00,3.9,27.2
1/11/26 4:00,4,28
1/11/26 5:00,3.4,27.5
1/11/26 6:00,3.8,26.6
1/11/26 7:00,3.7,26
1/11/26 8:00,4.1,26
1/11/26 9:00,4.6,25.7
1/11/26 10:00,5,24.4
1/11/26 11:00,3.9,24.3
1/11/26 12:00,2.9,25.4
1/11/26 13:00,2.8,26.9
1/11/26 14:00,2.5,31.2
1/11/26 15:00,2.7,33.4
1/11/26 16:00,3.8,35.6
1/11/26 17:00,3.8,34.9
1/11/26 18:00,2.5,35.8
1/11/26 19:00,2.7,34.8
1/11/26 20:00,2.4,34.4
1/11/26 21:00,2.7,33.1
1/11/26 22:00,2.8,31.1
1/11/26 23:00,1.7,29.3
1/12/26 2:00,1.6,33.8
1/12/26 3:00,1.8,34.2
1/12/26 4:00,2,35.2
1/12/26 5:00,2.4,35.7
1/12/26 6:00,3.7,35.4
1/12/26 7:00,6.8,32.8
1/12/26 8:00,4.8,34.7
1/12/26 9:00,3,36.5
1/12/26 10:00,2.5,37.4
1/12/26 11:00,2.8,37.1
1/12/26 12:00,1.7,38.5
1/12/26 13:00,2.2,38.6
1/12/26 14:00,3.4,37.6
1/12/26 15:00,6.1,34.5
1/12/26 16:00,8.3,31.3
1/12/26 17:00,10.6,28.2
1/12/26 18:00,12.4,25.9
1/12/26 19:00,14.3,23.5
1/12/26 20:00,15.6,20.5
1/12/26 21:00,19.3,15.9
1/12/26 22:00,17.7,15.8
1/12/26 23:00,17.4,15.3
1/13/26,15.4,16.2
1/13/26 1:00,11.9,19.6
1/13/26 2:00,9.9,20.5
1/13/26 3:00,11.4,18.3
1/13/26 5:00,27,3.9
1/13/26 6:00,27.7,3.4
1/13/26 7:00,17.6,12.6
1/13/26 8:00,13.2,17.1
1/13/26 9:00,9.9,21.2
1/13/26 10:00,8.5,24.5
1/13/26 11:00,6.6,26.4
1/13/26 12:00,5.6,27.2
1/13/26 13:00,5.6,26.9
1/13/26 14:00,6.2,26.7
1/13/26 15:00,7.3,27.9
1/13/26 16:00,10.5,24.9
1/13/26 17:00,12,21.6
1/13/26 18:00,9.8,25.8
1/13/26 19:00,8,29.7
1/13/26 20:00,8.4,29.8
1/13/26 21:00,6.3,32
1/13/26 22:00,4.9,33.7
1/13/26 23:00,4.8,35
1/14/26,7.1,33.5
1/14/26 1:00,4.7,36.5
1/14/26 2:00,4.4,37.3
1/14/26 3:00,5,36.1
1/14/26 4:00,5.7,34.5
1/14/26 5:00,8.4,30.7
1/14/26 6:00,8.9,29.7
1/14/26 7:00,11.5,26.7
1/14/26 8:00,10.3,27.8
1/14/26 9:00,9.4,28.3
1/14/26 10:00,7.1,30.7
1/14/26 11:00,9.6,29.2
1/14/26 12:00,7.9,30.7
1/14/26 13:00,6.1,33.1
1/14/26 14:00,6.3,33.5
1/14/26 15:00,7.5,33.1
1/14/26 16:00,7.3,33.2
1/14/26 17:00,7.1,34.5
1/14/26 18:00,9.3,32.4
1/14/26 19:00,8.4,31.5
1/14/26 20:00,10.8,26.5
1/14/26 21:00,11.2,25.6
1/14/26 22:00,7.5,32.2
1/14/26 23:00,9.5,25.6
1/15/26,6.8,29.2
1/15/26 1:00,5.4,31.2
1/15/26 2:00,4.4,36.2
1/15/26 3:00,4.5,36.9
1/15/26 6:00,7.7,33.3
1/15/26 7:00,9,31.6
1/15/26 8:00,9.7,29.6
1/15/26 9:00,7.7,29.4
1/15/26 10:00,6.8,28.9
1/15/26 11:00,6.7,29.3
1/15/26 14:00,5.8,26
1/15/26 15:00,5.5,26.8
1/15/26 16:00,6.5,28.2
1/15/26 17:00,9.7,24.9
1/15/26 18:00,11.3,23.4
1/15/26 19:00,4.2,27
1/15/26 20:00,3.1,26.3
1/15/26 21:00,3,26.7
1/15/26 22:00,3.1,27.4
1/15/26 23:00,1.4,28.6
1/16/26 3:00,2,30.3
1/16/26 4:00,2.3,31.1
1/16/26 5:00,2.6,32.7
1/16/26 6:00,2.4,35.3
1/16/26 7:00,3.3,36.7
1/16/26 8:00,2.8,37
1/16/26 9:00,2.2,37.4
1/16/26 10:00,2.2,38.4
1/16/26 11:00,2.7,38
1/16/26 12:00,2,38.8
1/16/26 13:00,1.9,39.9
1/16/26 14:00,2.7,38.9
1/16/26 15:00,3.5,37.9
1/16/26 16:00,4.3,37.1
1/16/26 17:00,7.6,34.2
1/16/26 18:00,8.3,33.5
1/16/26 19:00,12,29.7
1/16/26 20:00,12.3,28.8
1/16/26 21:00,17.4,23.8
1/16/26 22:00,18.1,22.5
1/16/26 23:00,18.7,21
1/17/26,19.7,18.4
1/17/26 1:00,21.8,15.1
1/17/26 2:00,14.5,20.6
1/17/26 3:00,14.7,19.4
1/17/26 4:00,16.6,17.8
1/17/26 5:00,12.1,22
1/17/26 6:00,14.3,19.9
1/17/26 7:00,19.5,14.4
1/17/26 8:00,23.9,12.7
1/17/26 9:00,17.2,20.5
1/17/26 10:00,17.7,18.7
1/17/26 11:00,19,17.5
1/17/26 12:00,9,29.6
1/17/26 13:00,10.3,28.4
1/17/26 14:00,9.4,31.8
1/17/26 15:00,5.7,37.5
1/17/26 16:00,7.3,34.9
1/17/26 17:00,8.9,30.9
1/17/26 18:00,9.6,28.1
1/17/26 19:00,9.5,26.1
1/17/26 20:00,9.1,24.5
1/17/26 21:00,8.7,23.7
1/17/26 22:00,9.3,22.5
1/17/26 23:00,13.4,17.9
1/18/26,21,9.3
1/18/26 1:00,24.5,4.8
1/18/26 2:00,21.3,4.7
1/18/26 3:00,21.8,3.4
1/18/26 4:00,20,5.4
1/18/26 5:00,20.5,4.1
1/18/26 6:00,16.2,6.9
1/18/26 7:00,17.4,7.8
1/18/26 8:00,19.6,7.6
1/18/26 9:00,18.3,11.1
1/18/26 10:00,18.2,9.8
1/18/26 11:00,18.9,8.3
1/18/26 12:00,13.6,12
1/18/26 13:00,12.5,13.2
1/18/26 14:00,12.5,14.2
1/18/26 15:00,12.6,13.9
1/18/26 16:00,11.7,15.4
1/18/26 17:00,10.8,17.5
1/18/26 18:00,10.9,18
1/18/26 19:00,13,15.8
1/18/26 20:00,17.5,11.4
1/18/26 21:00,17.2,9.8
1/18/26 22:00,16,7.7
1/18/26 23:00,12.8,9.9
1/19/26 2:00,7.8,22.6
1/19/26 3:00,8.3,22.6
1/19/26 4:00,9.8,21.1
1/19/26 5:00,10.7,20.1
1/19/26 6:00,13.4,17.4
1/19/26 7:00,13.2,17.3
1/19/26 8:00,16.5,14.1
1/19/26 9:00,18.6,10.7
1/19/26 10:00,7.8,19.4
1/19/26 11:00,6.2,23.8
1/19/26 12:00,5.3,27.8
1/19/26 13:00,6,28.4
1/19/26 14:00,6.2,29
1/19/26 15:00,6.8,27.8
1/19/26 16:00,9.1,24.1
1/19/26 17:00,9.1,23.1
1/19/26 18:00,10.7,20.7
1/19/26 19:00,10.8,20.5
1/19/26 20:00,13.3,18.4
1/19/26 21:00,15.8,15.9
1/19/26 22:00,14.8,17
1/19/26 23:00,16.5,15.5
1/20/26,16.6,16
1/20/26 1:00,12.5,20
1/20/26 2:00,10.7,22.1
1/20/26 3:00,5.1,28.9
1/20/26 5:00,15.5,20.2
1/20/26 6:00,18.1,17.4
1/20/26 7:00,16.5,17.5
1/20/26 8:00,8.3,26.3
1/20/26 9:00,5.5,29.5
1/20/26 10:00,4.2,31
1/20/26 11:00,3.7,31.8
1/20/26 12:00,3.4,33.3
1/20/26 13:00,2.7,35.4
1/20/26 14:00,3,34.9
1/20/26 15:00,3.1,35.1
1/20/26 16:00,4.7,33.8
1/20/26 17:00,7.5,31.7
1/20/26 18:00,8.4,31.6
1/20/26 19:00,8.6,31.3
1/20/26 20:00,9.1,30.9
1/20/26 21:00,11.1,29
1/20/26 22:00,18.3,21.5
1/20/26 23:00,16.3,22.5
1/21/26,16.5,21.1
1/21/26 1:00,14.6,22.5
1/21/26 2:00,17.3,19.6
1/21/26 3:00,27.8,9.4
1/21/26 4:00,24,13.5
1/21/26 5:00,13.3,24
1/21/26 6:00,16.5,21.1
1/21/26 7:00,34.6,5.4
1/21/26 8:00,19.5,19.2
1/21/26 9:00,10.8,28.3
1/21/26 10:00,10.8,28.6
1/21/26 11:00,8,32.2
1/21/26 12:00,7.7,33.9
1/21/26 13:00,7.2,35.9
1/21/26 14:00,7.1,36.1
1/21/26 15:00,9.4,34
1/21/26 16:00,12.5,31
1/21/26 17:00,13,30.1
1/21/26 18:00,10,33.9
1/21/26 19:00,7.1,38.3
1/21/26 20:00,6,39.8
1/21/26 21:00,5.6,40.5
1/21/26 22:00,4.7,41.4
1/21/26 23:00,5.7,40.4
1/22/26,6.2,40.3
1/22/26 1:00,7.1,38.8
1/22/26 2:00,7.3,38.1
1/22/26 3:00,5,40.2
1/22/26 6:00,12.9,31.9
1/22/26 11:00,4.5,39.4
1/22/26 12:00,3.5,42.1
1/22/26 13:00,4.4,41
1/22/26 14:00,4,41.2
1/22/26 15:00,5,40.6
1/22/26 16:00,6.5,39
1/22/26 17:00,15.1,28.5
1/22/26 18:00,21.9,20.4
1/22/26 19:00,21,20.9
1/22/26 20:00,11.6,28.3
1/22/26 21:00,18.4,18.9
1/22/26 22:00,25.6,11.1
1/22/26 23:00,29.1,4.6
1/23/26 3:00,6.4,29.9
1/23/26 4:00,5.2,32.5
1/23/26 5:00,6.2,33.5
1/23/26 6:00,10.9,30
1/23/26 7:00,14,27.5
1/23/26 8:00,19.3,22.8
1/23/26 9:00,13.7,27.4
1/23/26 10:00,8.4,31.7
1/23/26 11:00,3.2,36.7
1/23/26 12:00,3.4,37.5
1/23/26 13:00,4.2,37.8
1/23/26 20:00,2.7,41.1
1/23/26 21:00,2.4,39.4
1/23/26 22:00,2.4,38.4
1/23/26 23:00,2.6,36.9
1/24/26,2.2,36.5
1/24/26 1:00,1.4,37.1
1/24/26 2:00,2.2,36.4
1/24/26 3:00,2.1,38
1/24/26 4:00,1.9,39
1/24/26 5:00,2.4,38.6
1/24/26 6:00,2.9,38.4
1/24/26 7:00,3.4,37.2
1/24/26 8:00,2.9,36.6
1/24/26 9:00,2.7,36.6
1/24/26 10:00,2.5,37.1
1/24/26 11:00,2.3,37.9
1/24/26 12:00,2.2,38.5
1/24/26 13:00,1.8,39.1
1/24/26 14:00,1.8,39.8
1/24/26 15:00,1.9,40.4
1/24/26 16:00,3,39.4
1/24/26 17:00,4.3,37.9
1/24/26 18:00,6.6,35.6
1/24/26 19:00,6.1,35.6
1/24/26 20:00,5.1,36
1/24/26 21:00,5.7,35
1/24/26 22:00,5.7,34.4
1/24/26 23:00,7.4,32.5
1/25/26,8.8,31
1/25/26 1:00,6.5,33.4
1/25/26 2:00,6.5,33.4
1/25/26 3:00,5.7,34
1/25/26 4:00,5.5,34.3
1/25/26 5:00,5.1,34.6
1/25/26 6:00,5,34.4
1/25/26 7:00,5,34.6
1/25/26 8:00,5.9,33.8
1/25/26 9:00,7.7,31.4
1/25/26 10:00,9.3,29.6
1/25/26 11:00,10.5,28.2
1/25/26 12:00,10.8,27.8
1/25/26 13:00,14.3,24.4
1/25/26 14:00,18.2,21.4
1/25/26 15:00,20.5,19.6
1/25/26 16:00,21.1,19.1
1/25/26 17:00,23.1,17.4
1/25/26 18:00,20.2,20.6
1/25/26 19:00,4.7,37.4
1/25/26 20:00,3,38.8
1/25/26 21:00,2.3,39.2
1/25/26 22:00,2.4,38.6
1/25/26 23:00,1.7,38.4
1/26/26 2:00,7.8,30.9
1/26/26 3:00,6.7,32.3
1/26/26 4:00,6.3,32.8
1/26/26 5:00,6.2,33
1/26/26 6:00,7.2,31.6
1/26/26 7:00,7.5,31.1
1/26/26 8:00,8,30.5
1/26/26 9:00,7.3,31.1
1/26/26 10:00,6.5,32
1/26/26 11:00,5.5,32.9
1/26/26 12:00,6.6,32.2
1/26/26 13:00,7.9,31.1
1/26/26 14:00,8.9,30.6
1/26/26 15:00,8.6,31
1/26/26 16:00,8.5,31.2
1/26/26 17:00,8.7,30.7
1/26/26 18:00,9.8,30.6
1/26/26 19:00,6.1,30.6
1/26/26 20:00,4.5,33.5
1/26/26 21:00,3.1,35.8
1/26/26 22:00,2.8,36.8
1/26/26 23:00,3.9,35.5
1/27/26,3.9,35.7
1/27/26 1:00,3.7,36.1
1/27/26 2:00,3.2,36.2
1/27/26 3:00,3.1,35.7
1/27/26 5:00,7.5,31.5
1/27/26 6:00,10.2,29.2
1/27/26 7:00,13,26.8
1/27/26 8:00,9.2,30.7
1/27/26 9:00,4.2,36.8
1/27/26 10:00,3,38.1
1/27/26 11:00,2.9,38.9
1/27/26 12:00,3.1,39.3
1/27/26 13:00,4.3,39.1
1/27/26 14:00,4.6,39.2
1/27/26 15:00,6.9,37.4
1/27/26 16:00,10.3,34.9
1/27/26 17:00,13.6,31.7
1/27/26 18:00,11,34.1
1/27/26 19:00,6.9,38.8
1/27/26 20:00,7.4,37.9
1/27/26 21:00,8.2,36.7
1/27/26 22:00,9,35.6
1/27/26 23:00,9.7,34.5
1/28/26,8.5,34.9
1/28/26 1:00,8.4,34.3
1/28/26 2:00,8.7,33.3
1/28/26 3:00,8.6,33.1
1/28/26 4:00,9,31.9
1/28/26 5:00,10.9,29.7
1/28/26 6:00,12,28.1
1/28/26 7:00,12.5,27.1
1/28/26 8:00,10.1,30.1
1/28/26 9:00,6.5,33.1
1/28/26 10:00,4.9,35.5
1/28/26 11:00,3.5,37.6
1/28/26 12:00,3.3,39.4
1/28/26 13:00,3.7,40.1
1/28/26 14:00,4.2,39.7
1/28/26 15:00,5.4,38.2
1/28/26 16:00,7.3,36.4
1/28/26 17:00,11.8,32.1
1/28/26 18:00,19.2,25.7
1/28/26 19:00,17.6,26.2
1/28/26 20:00,18.8,24.7
1/28/26 21:00,21.4,21.8
1/28/26 22:00,24,18.8
1/28/26 23:00,23.2,19
1/29/26,25.4,16.3
1/29/26 1:00,29,12.2
1/29/26 2:00,28.6,11.6
1/29/26 3:00,17.1,23.3
1/29/26 6:00,13.9,25.7
1/29/26 7:00,12.6,26.8
1/29/26 8:00,9.6,30
1/29/26 9:00,6.3,33.7
1/29/26 10:00,5.7,35.2
1/29/26 11:00,3.9,37.8
1/29/26 12:00,3.3,39.3
1/29/26 13:00,3.2,40.2
1/29/26 14:00,3.7,40.2
1/29/26 16:00,6.4,37.4
1/29/26 17:00,6.8,37.3
1/29/26 18:00,6,37.5
1/29/26 19:00,11.3,32.1
1/29/26 20:00,10.2,32.6
1/29/26 21:00,9.6,32.7
1/29/26 22:00,7.4,33.9
1/29/26 23:00,3.3,36.1