,datetime_est,no2,o3
239,2025-10-12 00:00:00,2.3,19.0
240,2025-10-12 01:00:00,2.0,21.2
241,2025-10-12 02:00:00,2.3,21.0
242,2025-10-12 03:00:00,1.7,23.0
243,2025-10-12 04:00:00,1.7,23.7
244,2025-10-12 05:00:00,1.4,25.7
245,2025-10-12 06:00:00,1.0,31.1
246,2025-10-12 07:00:00,0.9,34.1
247,2025-10-12 08:00:00,1.2,33.7
248,2025-10-12 09:00:00,1.1,33.6
249,2025-10-12 10:00:00,0.6,34.3
250,2025-10-12 11:00:00,0.7,33.3
251,2025-10-12 12:00:00,1.1,32.2
252,2025-10-12 13:00:00,1.0,32.0
253,2025-10-12 14:00:00,0.7,32.9
254,2025-10-12 15:00:00,0.8,33.9
255,2025-10-12 16:00:00,0.8,35.6
256,2025-10-12 17:00:00,0.6,36.5
257,2025-10-12 18:00:00,0.7,36.0
258,2025-10-12 19:00:00,0.7,35.4
259,2025-10-12 20:00:00,0.6,33.2
260,2025-10-12 21:00:00,0.4,30.9
261,2025-10-12 22:00:00,0.3,29.8
262,2025-10-12 23:00:00,0.3,29.1
263,2025-10-13 02:00:00,0.5,28.9
264,2025-10-13 03:00:00,0.3,29.6
265,2025-10-13 04:00:00,0.5,30.1
266,2025-10-13 05:00:00,0.6,30.9
267,2025-10-13 06:00:00,0.5,31.2
268,2025-10-13 09:00:00,0.6,31.0
269,2025-10-13 10:00:00,0.5,31.0
270,2025-10-13 11:00:00,0.6,31.4
271,2025-10-13 12:00:00,0.6,32.3
272,2025-10-13 13:00:00,0.6,32.3
273,2025-10-13 14:00:00,0.6,32.1
274,2025-10-13 15:00:00,0.7,32.1
275,2025-10-13 16:00:00,0.7,31.9
276,2025-10-13 17:00:00,0.6,32.3
277,2025-10-13 18:00:00,0.6,33.3
278,2025-10-13 19:00:00,0.4,34.8
279,2025-10-13 20:00:00,0.5,32.8
280,2025-10-13 21:00:00,0.6,30.9
281,2025-10-13 22:00:00,0.5,30.6
282,2025-10-13 23:00:00,0.5,30.1
283,2025-10-14 00:00:00,0.9,29.8
284,2025-10-14 01:00:00,1.2,29.4
285,2025-10-14 02:00:00,0.9,30.1
286,2025-10-14 03:00:00,0.7,31.1
287,2025-10-14 05:00:00,2.5,31.5
288,2025-10-14 06:00:00,3.5,29.7
289,2025-10-14 07:00:00,4.0,28.5
290,2025-10-14 08:00:00,4.5,24.8
291,2025-10-14 09:00:00,4.4,23.7
292,2025-10-14 10:00:00,4.0,23.7
293,2025-10-14 11:00:00,3.6,24.5
294,2025-10-14 13:00:00,4.8,24.0
295,2025-10-14 14:00:00,4.7,23.8
296,2025-10-14 15:00:00,4.5,24.0
297,2025-10-14 16:00:00,4.2,24.1
298,2025-10-14 17:00:00,4.0,28.3
299,2025-10-14 18:00:00,3.0,33.5
300,2025-10-14 19:00:00,2.6,35.1
301,2025-10-14 20:00:00,4.1,31.3
302,2025-10-14 21:00:00,6.4,22.5
303,2025-10-14 22:00:00,6.8,18.3
304,2025-10-14 23:00:00,5.3,18.3
305,2025-10-15 00:00:00,4.4,18.1
306,2025-10-15 01:00:00,4.6,18.9
307,2025-10-15 02:00:00,4.8,17.5
308,2025-10-15 03:00:00,4.5,17.8
309,2025-10-15 04:00:00,6.2,13.2
310,2025-10-15 05:00:00,8.4,6.3
311,2025-10-15 06:00:00,11.4,4.5
312,2025-10-15 07:00:00,9.2,12.9
313,2025-10-15 08:00:00,5.6,21.8
314,2025-10-15 09:00:00,3.1,28.5
315,2025-10-15 10:00:00,2.5,29.7
316,2025-10-15 11:00:00,2.7,29.6
317,2025-10-15 12:00:00,2.0,30.6
318,2025-10-15 13:00:00,1.6,31.0
319,2025-10-15 14:00:00,1.8,29.0
320,2025-10-15 15:00:00,1.9,27.6
321,2025-10-15 16:00:00,2.1,25.2
322,2025-10-15 17:00:00,2.9,23.4
323,2025-10-15 18:00:00,2.5,24.3
324,2025-10-15 19:00:00,1.7,27.0
325,2025-10-15 20:00:00,2.0,26.5
326,2025-10-15 21:00:00,4.3,23.3
327,2025-10-15 22:00:00,4.2,22.6
328,2025-10-15 23:00:00,2.7,25.5
329,2025-10-16 00:00:00,2.6,24.6
330,2025-10-16 01:00:00,2.2,24.1
331,2025-10-16 02:00:00,2.0,24.4
332,2025-10-16 03:00:00,2.9,24.8
333,2025-10-16 06:00:00,6.3,21.0
334,2025-10-16 07:00:00,4.1,23.5
335,2025-10-16 08:00:00,2.2,28.5
336,2025-10-16 09:00:00,1.6,30.0
337,2025-10-16 10:00:00,1.5,30.9
338,2025-10-16 11:00:00,1.6,32.0
339,2025-10-16 12:00:00,1.4,31.3
340,2025-10-16 13:00:00,1.4,30.7
341,2025-10-16 14:00:00,1.6,29.6
342,2025-10-16 15:00:00,1.6,28.7
343,2025-10-16 16:00:00,1.7,28.2
344,2025-10-16 17:00:00,1.9,27.1
345,2025-10-16 18:00:00,1.4,26.9
346,2025-10-16 19:00:00,1.6,26.0
347,2025-10-16 20:00:00,1.5,26.4
348,2025-10-16 21:00:00,1.4,27.3
349,2025-10-16 22:00:00,1.4,27.7
350,2025-10-16 23:00:00,1.8,26.9
351,2025-10-17 03:00:00,2.2,23.8
352,2025-10-17 04:00:00,2.1,23.2
353,2025-10-17 05:00:00,3.7,21.4
354,2025-10-17 06:00:00,6.3,18.9
355,2025-10-17 07:00:00,3.6,21.6
356,2025-10-17 08:00:00,2.2,24.1
357,2025-10-17 09:00:00,1.6,25.5
358,2025-10-17 10:00:00,1.5,26.8
359,2025-10-17 11:00:00,1.6,29.9
360,2025-10-17 12:00:00,1.5,33.8
361,2025-10-17 13:00:00,1.5,36.2
362,2025-10-17 14:00:00,1.6,37.2
363,2025-10-17 15:00:00,1.5,36.5
364,2025-10-17 16:00:00,2.7,33.7
365,2025-10-17 17:00:00,5.3,27.7
366,2025-10-17 18:00:00,13.3,14.7
367,2025-10-17 19:00:00,12.2,11.8
368,2025-10-17 20:00:00,14.3,6.7
369,2025-10-17 21:00:00,19.0,1.2
370,2025-10-17 22:00:00,18.6,0.7
371,2025-10-17 23:00:00,15.4,2.1
372,2025-10-18 00:00:00,12.5,7.6
373,2025-10-18 01:00:00,12.2,6.7
374,2025-10-18 02:00:00,13.8,3.5
375,2025-10-18 03:00:00,9.6,10.8
376,2025-10-18 04:00:00,10.3,8.8
377,2025-10-18 05:00:00,13.6,4.4
378,2025-10-18 06:00:00,12.7,5.9
379,2025-10-18 07:00:00,9.3,11.6
380,2025-10-18 08:00:00,5.0,18.5
381,2025-10-18 09:00:00,3.7,21.6
382,2025-10-18 10:00:00,2.8,25.4
383,2025-10-18 11:00:00,2.4,28.1
384,2025-10-18 12:00:00,2.3,31.3
385,2025-10-18 13:00:00,2.1,34.1
386,2025-10-18 14:00:00,3.0,34.0
387,2025-10-18 15:00:00,4.4,31.9
388,2025-10-18 16:00:00,3.8,29.9
389,2025-10-18 17:00:00,5.0,27.2
390,2025-10-18 18:00:00,5.3,25.8
391,2025-10-18 19:00:00,7.4,20.1
392,2025-10-18 20:00:00,7.3,18.8
393,2025-10-18 21:00:00,7.5,19.3
394,2025-10-18 22:00:00,8.5,14.7
395,2025-10-18 23:00:00,12.0,6.9
396,2025-10-19 00:00:00,12.7,2.9
397,2025-10-19 01:00:00,10.8,3.8
398,2025-10-19 02:00:00,10.2,6.1
399,2025-10-19 03:00:00,11.1,4.1
400,2025-10-19 04:00:00,8.6,6.4
401,2025-10-19 05:00:00,8.9,2.8
402,2025-10-19 06:00:00,9.9,1.1
403,2025-10-19 07:00:00,8.3,6.9
404,2025-10-19 08:00:00,7.1,19.4
405,2025-10-19 09:00:00,3.5,36.6
406,2025-10-19 10:00:00,3.5,39.1
407,2025-10-19 11:00:00,3.2,41.0
408,2025-10-19 12:00:00,2.5,43.3
409,2025-10-19 13:00:00,2.5,44.8
410,2025-10-19 14:00:00,2.7,44.8
411,2025-10-19 15:00:00,2.0,43.5
412,2025-10-19 16:00:00,2.1,40.7
413,2025-10-19 17:00:00,3.3,38.3
414,2025-10-19 18:00:00,3.4,34.5
415,2025-10-19 19:00:00,2.6,32.2
416,2025-10-19 20:00:00,2.2,32.5
417,2025-10-19 21:00:00,1.8,33.7
418,2025-10-19 22:00:00,1.9,32.0
419,2025-10-19 23:00:00,1.5,34.8
420,2025-10-20 02:00:00,0.9,36.5
421,2025-10-20 03:00:00,1.1,37.0
422,2025-10-20 04:00:00,1.3,38.0
423,2025-10-20 05:00:00,1.7,37.0
424,2025-10-20 06:00:00,1.9,37.9
425,2025-10-20 07:00:00,1.6,39.2
426,2025-10-20 08:00:00,1.4,40.7
427,2025-10-20 09:00:00,1.7,42.0
428,2025-10-20 10:00:00,2.3,40.2
429,2025-10-20 11:00:00,3.5,38.8
430,2025-10-20 12:00:00,5.1,33.5
431,2025-10-20 13:00:00,3.4,32.6
432,2025-10-20 14:00:00,2.8,32.0
433,2025-10-20 15:00:00,3.3,31.3
434,2025-10-20 16:00:00,5.1,26.0
435,2025-10-20 17:00:00,5.9,21.5
436,2025-10-20 18:00:00,4.3,22.5
437,2025-10-20 19:00:00,4.7,23.1
438,2025-10-20 20:00:00,5.0,23.2
439,2025-10-20 21:00:00,5.1,24.1
440,2025-10-20 22:00:00,5.4,23.8
441,2025-10-20 23:00:00,3.4,25.0
442,2025-10-21 00:00:00,4.0,23.7
443,2025-10-21 01:00:00,4.2,21.8
444,2025-10-21 02:00:00,4.4,20.5
445,2025-10-21 03:00:00,4.5,19.7
446,2025-10-21 05:00:00,4.8,19.8
447,2025-10-21 06:00:00,4.8,20.0
448,2025-10-21 07:00:00,3.8,21.1
449,2025-10-21 08:00:00,2.4,22.2
450,2025-10-21 09:00:00,2.1,23.4
451,2025-10-21 10:00:00,2.1,26.0
452,2025-10-21 11:00:00,2.3,28.5
453,2025-10-21 12:00:00,2.7,30.6
454,2025-10-21 15:00:00,4.4,36.1
455,2025-10-21 16:00:00,7.4,34.3
456,2025-10-21 17:00:00,7.9,33.2
457,2025-10-21 18:00:00,5.5,34.5
458,2025-10-21 19:00:00,4.1,35.9
459,2025-10-21 20:00:00,4.1,34.3
460,2025-10-21 21:00:00,6.8,25.3
461,2025-10-21 22:00:00,8.6,16.5
462,2025-10-21 23:00:00,7.7,12.0
463,2025-10-22 00:00:00,6.9,16.0
464,2025-10-22 01:00:00,2.2,34.6
465,2025-10-22 02:00:00,1.5,36.1
466,2025-10-22 03:00:00,2.6,34.6
467,2025-10-22 04:00:00,3.2,33.5
468,2025-10-22 05:00:00,6.4,27.3
469,2025-10-22 06:00:00,10.7,22.6
470,2025-10-22 07:00:00,9.6,28.6
471,2025-10-22 08:00:00,12.7,27.4
472,2025-10-22 09:00:00,11.3,30.4
473,2025-10-22 10:00:00,5.9,38.5
474,2025-10-22 11:00:00,3.9,42.1
475,2025-10-22 12:00:00,4.1,42.6
476,2025-10-22 13:00:00,5.4,40.0
477,2025-10-22 14:00:00,4.3,40.9
478,2025-10-22 15:00:00,4.3,39.7
479,2025-10-22 16:00:00,5.5,37.7
480,2025-10-22 17:00:00,6.6,33.7
481,2025-10-22 18:00:00,6.5,30.5
482,2025-10-22 19:00:00,6.1,28.7
483,2025-10-22 20:00:00,6.2,27.5
484,2025-10-22 21:00:00,6.0,26.3
485,2025-10-22 22:00:00,6.5,24.2
486,2025-10-22 23:00:00,5.9,23.0
487,2025-10-23 00:00:00,5.0,23.0
488,2025-10-23 01:00:00,6.2,21.2
489,2025-10-23 02:00:00,7.6,18.3
490,2025-10-23 03:00:00,7.4,17.7
491,2025-10-23 04:00:00,9.1,16.4
492,2025-10-23 05:00:00,14.8,9.2
493,2025-10-23 06:00:00,14.2,11.3
494,2025-10-23 07:00:00,8.4,16.4
495,2025-10-23 08:00:00,5.2,18.7
496,2025-10-23 09:00:00,3.8,19.5
497,2025-10-23 10:00:00,3.6,20.5
498,2025-10-23 11:00:00,4.3,20.8
499,2025-10-23 12:00:00,4.1,22.4
500,2025-10-23 13:00:00,4.4,23.7
501,2025-10-23 14:00:00,4.8,23.9
502,2025-10-23 15:00:00,5.7,24.5
503,2025-10-23 16:00:00,7.4,23.7
504,2025-10-23 17:00:00,9.4,21.5
505,2025-10-23 18:00:00,12.9,15.8
506,2025-10-23 19:00:00,18.2,7.5
507,2025-10-23 20:00:00,18.3,5.1
508,2025-10-23 21:00:00,12.7,9.7
509,2025-10-23 22:00:00,10.6,8.0
510,2025-10-23 23:00:00,13.3,3.5
511,2025-10-24 03:00:00,7.2,10.1
512,2025-10-24 04:00:00,9.8,4.9
513,2025-10-24 05:00:00,13.2,0.5
514,2025-10-24 06:00:00,13.7,0.9
515,2025-10-24 07:00:00,11.7,5.4
516,2025-10-24 08:00:00,10.7,11.3
517,2025-10-24 09:00:00,8.2,16.0
518,2025-10-24 12:00:00,2.4,25.3
519,2025-10-24 13:00:00,2.5,24.3
520,2025-10-24 14:00:00,2.4,23.3
521,2025-10-24 15:00:00,2.5,24.3
522,2025-10-24 16:00:00,3.8,21.7
523,2025-10-24 17:00:00,5.7,19.2
524,2025-10-24 18:00:00,6.9,16.2
525,2025-10-24 19:00:00,7.1,14.7
526,2025-10-24 20:00:00,7.5,13.5
527,2025-10-24 21:00:00,6.8,14.8
528,2025-10-24 22:00:00,7.2,14.0
529,2025-10-24 23:00:00,8.9,11.9
530,2025-10-25 00:00:00,6.8,14.2
531,2025-10-25 01:00:00,5.6,13.4
532,2025-10-25 02:00:00,3.2,16.8
533,2025-10-25 03:00:00,3.2,16.4
534,2025-10-25 04:00:00,3.8,15.9
535,2025-10-25 05:00:00,7.8,9.7
536,2025-10-25 06:00:00,12.4,3.3
537,2025-10-25 07:00:00,6.6,12.6
538,2025-10-25 08:00:00,3.1,17.0
539,2025-10-25 09:00:00,2.3,19.0
540,2025-10-25 10:00:00,1.6,19.7
541,2025-10-25 11:00:00,1.1,26.0
542,2025-10-25 12:00:00,1.1,31.3
543,2025-10-25 13:00:00,1.0,32.2
544,2025-10-25 14:00:00,1.0,31.2
545,2025-10-25 15:00:00,1.2,30.8
546,2025-10-25 16:00:00,2.3,28.5
547,2025-10-25 17:00:00,4.5,24.7
548,2025-10-25 18:00:00,7.9,18.9
549,2025-10-25 19:00:00,10.4,15.1
550,2025-10-25 20:00:00,11.7,12.3
551,2025-10-25 21:00:00,10.0,13.3
552,2025-10-25 22:00:00,5.2,19.9
553,2025-10-25 23:00:00,5.5,18.3
554,2025-10-26 00:00:00,7.3,13.6
555,2025-10-26 01:00:00,7.5,12.4
556,2025-10-26 02:00:00,6.1,14.1
557,2025-10-26 03:00:00,11.1,3.1
558,2025-10-26 04:00:00,12.0,2.9
559,2025-10-26 05:00:00,5.2,14.5
560,2025-10-26 06:00:00,5.2,13.9
561,2025-10-26 07:00:00,4.3,15.2
562,2025-10-26 08:00:00,3.4,18.5
563,2025-10-26 09:00:00,1.6,25.5
564,2025-10-26 10:00:00,1.1,31.9
565,2025-10-26 11:00:00,0.9,36.6
566,2025-10-26 12:00:00,0.9,37.6
567,2025-10-26 13:00:00,1.0,38.0
568,2025-10-26 14:00:00,0.9,38.5
569,2025-10-26 15:00:00,0.9,38.5
570,2025-10-26 16:00:00,1.6,35.2
571,2025-10-26 17:00:00,4.7,27.4
572,2025-10-26 18:00:00,8.0,20.7
573,2025-10-26 19:00:00,8.1,19.1
574,2025-10-26 20:00:00,7.5,18.4
575,2025-10-26 21:00:00,7.4,16.5
576,2025-10-26 22:00:00,8.5,14.6
577,2025-10-26 23:00:00,6.4,16.1
578,2025-10-27 02:00:00,6.7,14.5
579,2025-10-27 03:00:00,7.0,14.7
580,2025-10-27 04:00:00,10.4,11.0
581,2025-10-27 05:00:00,13.4,8.6
582,2025-10-27 06:00:00,14.7,7.5
583,2025-10-27 07:00:00,11.0,12.0
584,2025-10-27 08:00:00,7.0,16.4
585,2025-10-27 09:00:00,5.0,18.7
586,2025-10-27 10:00:00,2.5,18.9
587,2025-10-27 11:00:00,2.9,17.1
588,2025-10-27 12:00:00,2.8,17.8
589,2025-10-27 13:00:00,3.6,18.0
590,2025-10-27 14:00:00,2.5,20.4
591,2025-10-27 15:00:00,2.7,20.7
592,2025-10-27 16:00:00,4.2,18.1
593,2025-10-27 17:00:00,9.1,11.3
594,2025-10-27 18:00:00,15.5,3.6
595,2025-10-27 19:00:00,17.2,0.9
596,2025-10-27 20:00:00,18.0,0.6
597,2025-10-27 21:00:00,16.5,0.6
598,2025-10-27 22:00:00,16.2,1.3
599,2025-10-27 23:00:00,15.2,2.2
600,2025-10-28 00:00:00,12.3,4.9
601,2025-10-28 01:00:00,10.4,5.1
602,2025-10-28 02:00:00,10.0,4.3
603,2025-10-28 03:00:00,7.5,6.0
604,2025-10-28 05:00:00,5.2,8.0
605,2025-10-28 06:00:00,5.8,7.5
606,2025-10-28 07:00:00,6.7,7.2
607,2025-10-28 08:00:00,6.6,8.0
608,2025-10-28 09:00:00,6.2,9.3
609,2025-10-28 10:00:00,3.2,13.9
610,2025-10-28 11:00:00,1.3,18.1
611,2025-10-28 12:00:00,1.3,18.5
612,2025-10-28 13:00:00,1.2,19.7
613,2025-10-28 14:00:00,1.7,19.1
614,2025-10-28 15:00:00,1.6,19.4
615,2025-10-28 16:00:00,1.9,18.3
616,2025-10-28 17:00:00,1.6,18.8
617,2025-10-28 18:00:00,1.5,18.7
618,2025-10-28 19:00:00,1.6,18.0
619,2025-10-28 20:00:00,1.7,18.8
620,2025-10-28 21:00:00,1.2,20.5
621,2025-10-28 22:00:00,1.1,21.2
622,2025-10-28 23:00:00,1.0,21.7
623,2025-10-29 00:00:00,1.0,23.6
624,2025-10-29 01:00:00,1.2,22.7
625,2025-10-29 02:00:00,1.4,22.1
626,2025-10-29 03:00:00,1.0,21.1
627,2025-10-29 04:00:00,1.5,19.1
628,2025-10-29 05:00:00,2.1,18.4
629,2025-10-29 06:00:00,4.9,11.3
630,2025-10-29 07:00:00,5.2,10.3
631,2025-10-29 08:00:00,4.4,11.6
632,2025-10-29 09:00:00,4.5,12.4
633,2025-10-29 10:00:00,4.4,13.4
634,2025-10-29 11:00:00,4.4,14.5
635,2025-10-29 12:00:00,5.1,14.4
636,2025-10-29 13:00:00,5.3,14.3
637,2025-10-29 14:00:00,4.9,14.1
638,2025-10-29 15:00:00,5.1,13.5
639,2025-10-29 16:00:00,5.4,13.0
640,2025-10-29 17:00:00,5.6,12.8
641,2025-10-29 18:00:00,6.1,12.6
642,2025-10-29 19:00:00,5.8,13.2
643,2025-10-29 20:00:00,5.7,13.7
644,2025-10-29 21:00:00,5.7,13.3
645,2025-10-29 22:00:00,5.8,13.0
646,2025-10-29 23:00:00,5.8,12.8
647,2025-10-30 00:00:00,5.8,12.5
648,2025-10-30 01:00:00,4.3,15.4
649,2025-10-30 02:00:00,2.4,20.0
650,2025-10-30 03:00:00,2.2,21.4
651,2025-10-30 06:00:00,3.2,19.7
652,2025-10-30 07:00:00,3.0,22.1
653,2025-10-30 08:00:00,3.2,22.5
654,2025-10-30 09:00:00,2.1,25.5
655,2025-10-30 10:00:00,1.8,26.6
656,2025-10-30 11:00:00,1.9,27.9
657,2025-10-30 12:00:00,1.6,29.6
658,2025-10-30 13:00:00,1.9,27.9
659,2025-10-30 14:00:00,2.1,25.1
660,2025-10-30 15:00:00,2.0,25.4
661,2025-10-30 16:00:00,1.9,26.8
662,2025-10-30 17:00:00,1.7,27.7
663,2025-10-30 18:00:00,1.6,28.8
664,2025-10-30 19:00:00,2.5,26.6
665,2025-10-30 20:00:00,3.1,24.6
666,2025-10-30 21:00:00,1.5,30.5
667,2025-10-30 22:00:00,0.7,33.2
668,2025-10-30 23:00:00,0.7,33.9
669,2025-10-31 03:00:00,1.9,28.3
670,2025-10-31 04:00:00,3.2,30.6
671,2025-10-31 05:00:00,4.9,29.1
672,2025-10-31 06:00:00,5.2,26.0
673,2025-10-31 07:00:00,5.4,21.8
674,2025-10-31 15:00:00,3.0,23.6
675,2025-10-31 16:00:00,2.7,27.2
676,2025-10-31 17:00:00,2.9,29.8
677,2025-10-31 22:00:00,1.4,33.1
678,2025-10-31 23:00:00,1.1,32.0
679,2025-11-01 00:00:00,0.8,30.7
680,2025-11-01 01:00:00,0.7,31.5
681,2025-11-01 02:00:00,0.8,32.6
682,2025-11-01 03:00:00,0.7,32.9
683,2025-11-01 04:00:00,0.9,33.1
684,2025-11-01 05:00:00,1.1,33.7
685,2025-11-01 06:00:00,1.5,33.6
686,2025-11-01 07:00:00,1.4,33.0
687,2025-11-01 08:00:00,1.0,33.1
688,2025-11-01 09:00:00,1.0,32.6
689,2025-11-01 10:00:00,0.8,33.0
690,2025-11-01 11:00:00,0.9,33.8
691,2025-11-01 12:00:00,0.8,33.8
692,2025-11-01 13:00:00,0.8,32.9
693,2025-11-01 14:00:00,0.8,32.3
694,2025-11-01 15:00:00,1.1,31.0
695,2025-11-01 16:00:00,1.3,28.8
696,2025-11-01 17:00:00,2.5,25.6
697,2025-11-01 18:00:00,2.2,24.6
698,2025-11-01 19:00:00,2.0,24.1
699,2025-11-01 20:00:00,1.7,25.2
700,2025-11-01 21:00:00,2.8,23.4
701,2025-11-01 22:00:00,4.2,21.7
702,2025-11-01 23:00:00,4.4,20.9
703,2025-11-02 00:00:00,4.1,20.5
704,2025-11-02 01:00:00,5.8,18.1
705,2025-11-02 02:00:00,6.1,17.5
706,2025-11-02 03:00:00,7.0,15.7
707,2025-11-02 04:00:00,8.2,14.2
708,2025-11-02 05:00:00,8.0,14.5
709,2025-11-02 06:00:00,10.2,11.9
710,2025-11-02 07:00:00,6.1,16.4
711,2025-11-02 08:00:00,2.9,20.4
712,2025-11-02 09:00:00,1.4,24.1
713,2025-11-02 10:00:00,1.0,26.1
714,2025-11-02 11:00:00,1.1,26.1
715,2025-11-02 12:00:00,1.1,28.3
716,2025-11-02 13:00:00,1.1,29.9
717,2025-11-02 14:00:00,1.1,31.2
718,2025-11-02 15:00:00,1.2,31.4
719,2025-11-02 16:00:00,2.0,31.0
720,2025-11-02 17:00:00,3.5,29.0
721,2025-11-02 18:00:00,7.4,22.3
722,2025-11-02 19:00:00,15.1,10.0
723,2025-11-02 20:00:00,21.9,2.7
724,2025-11-02 21:00:00,20.3,1.7
725,2025-11-02 22:00:00,20.7,1.1
726,2025-11-02 23:00:00,18.1,0.5
727,2025-11-03 02:00:00,15.5,0.4
728,2025-11-03 03:00:00,14.9,0.5
729,2025-11-03 04:00:00,14.6,0.4
730,2025-11-03 05:00:00,14.4,0.5
731,2025-11-03 06:00:00,15.3,0.5
732,2025-11-03 07:00:00,17.9,0.9
733,2025-11-03 08:00:00,20.2,1.4
734,2025-11-03 09:00:00,22.3,1.9
735,2025-11-03 10:00:00,27.6,2.8
736,2025-11-03 11:00:00,20.1,12.9
737,2025-11-03 12:00:00,12.1,24.4
738,2025-11-03 13:00:00,6.4,33.9
739,2025-11-03 17:00:00,4.3,33.4
740,2025-11-03 18:00:00,6.1,31.0
741,2025-11-03 19:00:00,4.1,33.6
742,2025-11-03 20:00:00,3.2,35.5
743,2025-11-03 21:00:00,2.7,36.1
744,2025-11-03 22:00:00,2.3,34.8
745,2025-11-03 23:00:00,2.4,30.8
746,2025-11-04 00:00:00,2.1,29.4
747,2025-11-04 01:00:00,1.7,30.6
748,2025-11-04 02:00:00,1.5,33.3
749,2025-11-04 03:00:00,1.4,34.2
750,2025-11-04 05:00:00,1.9,32.5
751,2025-11-04 06:00:00,2.4,31.4
752,2025-11-04 07:00:00,2.3,30.6
753,2025-11-04 08:00:00,1.6,31.2
754,2025-11-04 09:00:00,1.3,31.9
755,2025-11-04 10:00:00,1.1,32.9
756,2025-11-04 11:00:00,1.0,34.7
757,2025-11-04 12:00:00,1.1,34.6
758,2025-11-04 13:00:00,1.2,35.1
759,2025-11-04 14:00:00,1.0,35.6
760,2025-11-04 15:00:00,1.4,35.1
761,2025-11-04 16:00:00,2.0,34.4
762,2025-11-04 17:00:00,8.7,27.0
763,2025-11-04 18:00:00,10.3,25.8
764,2025-11-04 19:00:00,7.9,29.1
765,2025-11-04 20:00:00,7.0,30.3
766,2025-11-04 21:00:00,9.2,28.4
767,2025-11-04 22:00:00,11.4,25.7
768,2025-11-04 23:00:00,11.9,24.4
769,2025-11-05 00:00:00,16.8,19.2
770,2025-11-05 01:00:00,16.4,17.6
771,2025-11-05 02:00:00,16.2,17.1
772,2025-11-05 03:00:00,18.3,8.4
773,2025-11-05 04:00:00,21.0,6.2
774,2025-11-05 05:00:00,9.3,26.3
775,2025-11-05 06:00:00,12.0,23.2
776,2025-11-05 07:00:00,20.1,15.1
777,2025-11-05 08:00:00,25.5,11.1
778,2025-11-05 09:00:00,15.4,23.1
779,2025-11-05 10:00:00,10.5,28.1
780,2025-11-05 11:00:00,8.0,30.4
781,2025-11-05 12:00:00,6.8,32.0
782,2025-11-05 13:00:00,5.4,36.0
783,2025-11-05 14:00:00,4.0,40.1
784,2025-11-05 15:00:00,4.0,42.0
785,2025-11-05 16:00:00,3.8,43.1
786,2025-11-05 17:00:00,3.8,44.0
787,2025-11-05 18:00:00,4.6,45.6
788,2025-11-05 19:00:00,3.8,46.4
789,2025-11-05 20:00:00,3.5,45.3
790,2025-11-05 21:00:00,4.7,42.7
791,2025-11-05 22:00:00,4.7,41.3
792,2025-11-05 23:00:00,4.4,38.9
793,2025-11-06 00:00:00,3.5,34.0
794,2025-11-06 01:00:00,2.9,29.4
795,2025-11-06 02:00:00,2.2,27.4
796,2025-11-06 03:00:00,1.6,32.1
797,2025-11-06 06:00:00,2.0,32.6
798,2025-11-06 07:00:00,3.0,30.6
799,2025-11-06 08:00:00,2.0,32.0
800,2025-11-06 09:00:00,1.4,33.6
801,2025-11-06 10:00:00,1.4,34.0
802,2025-11-06 11:00:00,1.2,33.9
803,2025-11-06 12:00:00,1.4,33.3
804,2025-11-06 13:00:00,2.0,32.0
805,2025-11-06 14:00:00,1.8,31.3
806,2025-11-06 15:00:00,2.2,30.9
807,2025-11-06 16:00:00,2.1,32.2
808,2025-11-06 17:00:00,3.7,29.4
809,2025-11-06 18:00:00,4.4,28.3
810,2025-11-06 19:00:00,7.2,24.1
811,2025-11-06 20:00:00,8.4,21.2
812,2025-11-06 21:00:00,5.5,24.3
813,2025-11-06 22:00:00,3.8,25.8
814,2025-11-06 23:00:00,3.1,26.8
815,2025-11-07 03:00:00,10.2,18.7
816,2025-11-07 04:00:00,19.4,7.1
817,2025-11-07 05:00:00,19.8,9.0
818,2025-11-07 06:00:00,24.6,4.5
819,2025-11-07 07:00:00,25.9,7.1
820,2025-11-07 08:00:00,18.6,15.9
821,2025-11-07 09:00:00,10.9,24.9
822,2025-11-07 10:00:00,5.6,31.1
823,2025-11-07 11:00:00,4.3,32.2
824,2025-11-07 12:00:00,3.7,33.4
825,2025-11-07 13:00:00,2.6,36.1
826,2025-11-07 14:00:00,2.8,35.1
827,2025-11-07 15:00:00,3.3,35.7
828,2025-11-07 16:00:00,3.2,39.0
829,2025-11-07 17:00:00,2.6,40.5
830,2025-11-07 18:00:00,2.5,40.8
831,2025-11-07 19:00:00,2.4,41.0
832,2025-11-07 20:00:00,2.6,39.9
833,2025-11-07 21:00:00,2.6,38.9
834,2025-11-07 22:00:00,3.0,37.6
835,2025-11-07 23:00:00,3.0,38.5
836,2025-11-08 00:00:00,3.2,39.0
837,2025-11-08 01:00:00,2.4,40.4
838,2025-11-08 02:00:00,2.2,38.5
839,2025-11-08 03:00:00,2.6,38.9
840,2025-11-08 04:00:00,2.8,38.7
841,2025-11-08 05:00:00,5.0,34.2
842,2025-11-08 06:00:00,4.6,33.5
843,2025-11-08 07:00:00,5.1,31.3
844,2025-11-08 08:00:00,5.8,29.2
845,2025-11-08 09:00:00,6.3,27.5
846,2025-11-08 10:00:00,8.3,24.4
847,2025-11-08 11:00:00,4.3,30.8
848,2025-11-08 12:00:00,2.3,34.4
849,2025-11-08 13:00:00,2.1,35.6
850,2025-11-08 14:00:00,2.7,35.2
851,2025-11-08 15:00:00,2.2,34.6
852,2025-11-08 16:00:00,3.4,32.4
853,2025-11-08 17:00:00,5.3,29.3
854,2025-11-08 18:00:00,6.2,27.3
855,2025-11-08 19:00:00,7.2,25.7
856,2025-11-08 20:00:00,9.3,19.4
857,2025-11-08 21:00:00,12.0,14.8
858,2025-11-08 22:00:00,20.1,3.3
859,2025-11-08 23:00:00,18.9,2.5
860,2025-11-09 00:00:00,18.2,3.9
861,2025-11-09 01:00:00,21.3,0.7
862,2025-11-09 02:00:00,20.2,0.7
863,2025-11-09 03:00:00,19.0,0.6
864,2025-11-09 04:00:00,17.9,0.6
865,2025-11-09 05:00:00,18.6,0.7
866,2025-11-09 06:00:00,17.9,2.1
867,2025-11-09 07:00:00,14.8,6.7
868,2025-11-09 08:00:00,9.6,14.3
869,2025-11-09 09:00:00,8.0,17.3
870,2025-11-09 10:00:00,5.9,23.0
871,2025-11-09 11:00:00,3.3,40.6
872,2025-11-09 12:00:00,2.5,42.4
873,2025-11-09 13:00:00,2.7,41.2
874,2025-11-09 14:00:00,2.8,39.1
875,2025-11-09 15:00:00,2.4,37.8
876,2025-11-09 16:00:00,2.2,35.0
877,2025-11-09 17:00:00,1.9,33.6
878,2025-11-09 18:00:00,1.8,34.5
879,2025-11-09 19:00:00,2.1,34.9
880,2025-11-09 20:00:00,2.4,35.4
881,2025-11-09 21:00:00,2.2,36.4
882,2025-11-09 22:00:00,2.9,33.0
883,2025-11-09 23:00:00,3.5,31.5
884,2025-11-10 02:00:00,4.6,24.2
885,2025-11-10 03:00:00,5.2,23.8
886,2025-11-10 04:00:00,5.7,22.9
887,2025-11-10 05:00:00,4.8,20.7
888,2025-11-10 06:00:00,5.8,19.2
889,2025-11-10 07:00:00,7.0,16.8
890,2025-11-10 08:00:00,10.6,14.4
891,2025-11-10 09:00:00,8.6,14.5
892,2025-11-10 10:00:00,9.2,12.6
893,2025-11-10 11:00:00,9.4,14.6
894,2025-11-10 12:00:00,7.3,19.2
895,2025-11-10 13:00:00,10.9,10.9
896,2025-11-10 14:00:00,14.9,4.0
897,2025-11-10 15:00:00,13.2,6.1
898,2025-11-10 16:00:00,12.5,6.6
899,2025-11-10 17:00:00,10.6,9.8
900,2025-11-10 18:00:00,12.2,5.7
901,2025-11-10 19:00:00,9.6,10.1
902,2025-11-10 20:00:00,4.4,22.4
903,2025-11-10 21:00:00,3.4,17.3
904,2025-11-10 22:00:00,2.8,16.3
905,2025-11-10 23:00:00,2.4,18.4
906,2025-11-11 00:00:00,2.3,20.2
907,2025-11-11 01:00:00,1.9,22.4
908,2025-11-11 02:00:00,1.8,23.5
909,2025-11-11 03:00:00,1.5,25.5
910,2025-11-11 05:00:00,1.7,26.6
911,2025-11-11 06:00:00,2.0,28.2
912,2025-11-11 07:00:00,2.6,28.1
913,2025-11-11 08:00:00,1.9,28.7
914,2025-11-11 09:00:00,2.1,28.6
915,2025-11-11 10:00:00,2.4,28.4
916,2025-11-11 11:00:00,2.1,29.1
917,2025-11-11 12:00:00,1.8,28.6
918,2025-11-11 13:00:00,1.6,29.2
919,2025-11-11 14:00:00,1.8,30.5
920,2025-11-11 15:00:00,2.1,31.3
921,2025-11-11 16:00:00,2.6,31.1
922,2025-11-11 17:00:00,2.2,31.8
923,2025-11-11 18:00:00,2.1,32.8
924,2025-11-11 19:00:00,2.1,35.0
925,2025-11-11 20:00:00,2.0,34.0
926,2025-11-11 21:00:00,2.3,30.2
927,2025-11-11 22:00:00,2.4,28.9
928,2025-11-11 23:00:00,2.9,27.8
929,2025-11-12 00:00:00,4.6,25.8
930,2025-11-12 01:00:00,6.1,23.5
931,2025-11-12 02:00:00,6.6,22.7
932,2025-11-12 03:00:00,5.8,23.8
933,2025-11-12 04:00:00,7.5,21.7
934,2025-11-12 05:00:00,6.2,22.6
935,2025-11-12 06:00:00,7.2,20.8
936,2025-11-12 07:00:00,10.2,17.9
937,2025-11-12 08:00:00,12.7,16.8
938,2025-11-12 09:00:00,10.1,20.5
939,2025-11-12 10:00:00,7.4,23.7
940,2025-11-12 11:00:00,5.2,26.5
941,2025-11-12 12:00:00,4.8,27.0
942,2025-11-12 13:00:00,4.5,27.7
943,2025-11-12 14:00:00,4.8,27.5
944,2025-11-12 15:00:00,7.2,24.9
945,2025-11-12 16:00:00,9.3,22.5
946,2025-11-12 17:00:00,11.3,20.2
947,2025-11-12 18:00:00,11.9,18.8
948,2025-11-12 19:00:00,7.1,21.6
949,2025-11-12 20:00:00,7.0,20.8
950,2025-11-12 21:00:00,7.9,19.4
951,2025-11-12 22:00:00,8.4,18.5
952,2025-11-12 23:00:00,7.4,19.8
953,2025-11-13 00:00:00,6.6,19.7
954,2025-11-13 01:00:00,6.6,18.6
955,2025-11-13 02:00:00,6.6,17.1
956,2025-11-13 03:00:00,7.5,15.2
957,2025-11-13 06:00:00,8.6,11.8
958,2025-11-13 07:00:00,9.0,11.2
959,2025-11-13 08:00:00,7.2,13.6
960,2025-11-13 09:00:00,5.6,16.5
961,2025-11-13 10:00:00,4.9,18.6
962,2025-11-13 11:00:00,4.7,20.7
963,2025-11-13 12:00:00,3.8,24.2
964,2025-11-13 13:00:00,3.1,26.9
965,2025-11-13 14:00:00,3.2,28.0
966,2025-11-13 15:00:00,3.9,27.5
967,2025-11-13 16:00:00,3.9,26.3
968,2025-11-13 17:00:00,4.0,23.7
969,2025-11-13 18:00:00,5.8,17.3
970,2025-11-13 19:00:00,6.3,15.2
971,2025-11-13 20:00:00,5.8,14.1
972,2025-11-13 21:00:00,6.7,10.8
973,2025-11-13 22:00:00,7.2,8.7
974,2025-11-13 23:00:00,7.4,8.0
975,2025-11-14 03:00:00,6.1,7.4
976,2025-11-14 04:00:00,7.9,5.3
977,2025-11-14 05:00:00,10.0,3.2
978,2025-11-14 06:00:00,9.6,4.6
979,2025-11-14 07:00:00,6.8,8.9
980,2025-11-14 08:00:00,3.5,12.9
981,2025-11-14 09:00:00,2.3,17.6
982,2025-11-14 10:00:00,1.7,21.7
983,2025-11-14 11:00:00,1.8,20.1
984,2025-11-14 12:00:00,1.6,21.0
985,2025-11-14 13:00:00,1.9,20.5
986,2025-11-14 14:00:00,2.7,19.9
987,2025-11-14 15:00:00,2.7,22.7
988,2025-11-14 16:00:00,3.6,25.4
989,2025-11-14 17:00:00,6.6,21.1
990,2025-11-14 18:00:00,9.2,17.8
991,2025-11-14 19:00:00,9.4,20.1
992,2025-11-14 20:00:00,6.3,24.6
993,2025-11-14 21:00:00,5.0,27.0
994,2025-11-14 22:00:00,3.9,28.6
995,2025-11-14 23:00:00,4.7,26.0
996,2025-11-15 00:00:00,5.0,22.8
997,2025-11-15 01:00:00,5.7,20.5
998,2025-11-15 02:00:00,5.2,19.9
999,2025-11-15 03:00:00,5.1,19.7
1000,2025-11-15 04:00:00,5.7,18.9
1001,2025-11-15 05:00:00,7.0,17.1
1002,2025-11-15 06:00:00,8.7,14.7
1003,2025-11-15 07:00:00,6.9,17.1
1004,2025-11-15 08:00:00,3.8,21.4
1005,2025-11-15 09:00:00,1.7,24.4
1006,2025-11-15 10:00:00,1.4,25.3
1007,2025-11-15 11:00:00,1.3,26.1
1008,2025-11-15 12:00:00,1.3,26.4
1009,2025-11-15 13:00:00,1.3,27.4
1010,2025-11-15 14:00:00,1.8,28.1
1011,2025-11-15 15:00:00,2.9,27.4
1012,2025-11-15 16:00:00,5.9,24.6
1013,2025-11-15 17:00:00,10.4,19.5
1014,2025-11-15 18:00:00,6.5,22.1
1015,2025-11-15 19:00:00,10.7,17.2
1016,2025-11-15 20:00:00,9.3,18.8
1017,2025-11-15 21:00:00,6.8,20.8
1018,2025-11-15 22:00:00,7.0,18.6
1019,2025-11-15 23:00:00,7.1,17.2
1020,2025-11-16 00:00:00,6.0,24.1
1021,2025-11-16 01:00:00,3.4,35.6
1022,2025-11-16 02:00:00,4.2,33.9
1023,2025-11-16 03:00:00,7.5,27.9
1024,2025-11-16 04:00:00,5.6,28.0
1025,2025-11-16 05:00:00,5.3,24.6
1026,2025-11-16 06:00:00,6.5,20.6
1027,2025-11-16 07:00:00,7.6,18.7
1028,2025-11-16 08:00:00,6.6,19.3
1029,2025-11-16 09:00:00,3.2,24.6
1030,2025-11-16 10:00:00,2.1,28.1
1031,2025-11-16 11:00:00,1.7,26.4
1032,2025-11-16 12:00:00,1.1,27.8
1033,2025-11-16 13:00:00,1.0,26.0
1034,2025-11-16 14:00:00,1.0,24.0
1035,2025-11-16 15:00:00,1.2,22.0
1036,2025-11-16 16:00:00,1.2,23.2
1037,2025-11-16 17:00:00,1.5,25.6
1038,2025-11-16 18:00:00,1.9,27.0
1039,2025-11-16 19:00:00,1.7,29.2
1040,2025-11-16 20:00:00,1.9,28.8
1041,2025-11-16 21:00:00,1.7,27.8
1042,2025-11-16 22:00:00,1.3,26.3
1043,2025-11-16 23:00:00,1.3,26.4
1044,2025-11-17 02:00:00,1.2,26.9
1045,2025-11-17 03:00:00,1.3,27.2
1046,2025-11-17 04:00:00,1.5,27.9
1047,2025-11-17 05:00:00,1.8,28.0
1048,2025-11-17 06:00:00,2.3,27.0
1049,2025-11-17 07:00:00,2.6,27.0
1050,2025-11-17 08:00:00,2.0,28.2
1051,2025-11-17 09:00:00,1.6,28.8
1052,2025-11-17 10:00:00,1.6,29.7
1053,2025-11-17 11:00:00,1.6,30.1
1054,2025-11-17 12:00:00,1.2,30.7
1055,2025-11-17 13:00:00,1.2,31.3
1056,2025-11-17 14:00:00,1.5,31.6
1057,2025-11-17 15:00:00,1.7,30.3
1058,2025-11-17 16:00:00,2.2,28.1
1059,2025-11-17 17:00:00,2.3,27.8
1060,2025-11-17 18:00:00,2.2,29.3
1061,2025-11-17 19:00:00,2.1,30.9
1062,2025-11-17 20:00:00,2.2,30.6
1063,2025-11-17 21:00:00,1.8,30.4
1064,2025-11-17 22:00:00,2.2,30.3
1065,2025-11-17 23:00:00,2.1,30.4
1066,2025-11-18 00:00:00,1.9,30.6
1067,2025-11-18 01:00:00,1.9,30.4
1068,2025-11-18 02:00:00,1.8,30.3
1069,2025-11-18 03:00:00,2.0,29.5
1070,2025-11-18 05:00:00,2.6,28.5
1071,2025-11-18 06:00:00,3.9,26.8
1072,2025-11-18 07:00:00,5.2,25.6
1073,2025-11-18 08:00:00,3.6,27.7
1074,2025-11-18 09:00:00,2.0,29.6
1075,2025-11-18 10:00:00,1.3,31.0
1076,2025-11-18 11:00:00,1.6,31.7
1077,2025-11-18 12:00:00,1.5,33.2
1078,2025-11-18 13:00:00,1.4,33.8
1079,2025-11-18 14:00:00,2.0,33.3
1080,2025-11-18 15:00:00,2.7,32.5
1081,2025-11-18 16:00:00,3.8,31.0
1082,2025-11-18 17:00:00,4.6,29.4
1083,2025-11-18 18:00:00,6.3,26.9
1084,2025-11-18 19:00:00,8.6,24.0
1085,2025-11-18 20:00:00,11.2,20.9
1086,2025-11-18 21:00:00,13.8,17.2
1087,2025-11-18 22:00:00,18.2,10.1
1088,2025-11-18 23:00:00,21.3,5.8
1089,2025-11-19 00:00:00,26.0,2.8
1090,2025-11-19 01:00:00,23.2,4.6
1091,2025-11-19 02:00:00,20.4,7.6
1092,2025-11-19 03:00:00,24.0,2.9
1093,2025-11-19 04:00:00,24.7,0.7
1094,2025-11-19 05:00:00,22.5,0.8
1095,2025-11-19 06:00:00,22.9,0.8
1096,2025-11-19 07:00:00,23.5,1.5
1097,2025-11-19 08:00:00,25.4,6.0
1098,2025-11-19 09:00:00,14.2,18.5
1099,2025-11-19 10:00:00,9.8,26.2
1100,2025-11-19 11:00:00,6.6,32.1
1101,2025-11-19 12:00:00,4.8,34.1
1102,2025-11-19 15:00:00,2.7,37.3
1103,2025-11-19 16:00:00,6.9,32.3
1104,2025-11-19 17:00:00,18.4,17.1
1105,2025-11-19 18:00:00,32.1,1.9
1106,2025-11-19 19:00:00,31.8,1.1
1107,2025-11-19 20:00:00,29.3,1.8
1108,2025-11-19 21:00:00,29.4,1.7
1109,2025-11-19 22:00:00,32.3,1.6
1110,2025-11-19 23:00:00,32.2,1.4
1111,2025-11-20 00:00:00,30.6,2.3
1112,2025-11-20 01:00:00,29.0,2.1
1113,2025-11-20 02:00:00,27.5,1.8
1114,2025-11-20 03:00:00,27.5,1.6
1115,2025-11-20 06:00:00,27.7,1.3
1116,2025-11-20 07:00:00,26.1,3.7
1117,2025-11-20 08:00:00,20.5,10.0
1118,2025-11-20 09:00:00,16.0,14.7
1119,2025-11-20 10:00:00,16.0,15.1
1120,2025-11-20 11:00:00,13.6,19.3
1121,2025-11-20 12:00:00,10.5,23.9
1122,2025-11-20 13:00:00,6.3,29.2
1123,2025-11-20 14:00:00,7.5,27.9
1124,2025-11-20 15:00:00,6.1,29.2
1125,2025-11-20 16:00:00,12.8,23.3
1126,2025-11-20 17:00:00,19.9,15.1
1127,2025-11-20 18:00:00,20.5,11.3
1128,2025-11-20 19:00:00,27.2,2.1
1129,2025-11-20 20:00:00,30.2,0.9
1130,2025-11-20 21:00:00,26.8,0.8
1131,2025-11-20 22:00:00,25.5,0.8
1132,2025-11-20 23:00:00,25.3,0.8
1133,2025-11-21 03:00:00,22.7,1.0
1134,2025-11-21 04:00:00,20.7,0.9
1135,2025-11-21 05:00:00,20.3,0.9
1136,2025-11-21 06:00:00,20.9,0.9
1137,2025-11-21 07:00:00,21.4,1.2
1138,2025-11-21 08:00:00,25.8,1.3
1139,2025-11-21 09:00:00,32.7,1.4
1140,2025-11-21 10:00:00,29.6,3.4
1141,2025-11-21 11:00:00,24.2,9.1
1142,2025-11-21 12:00:00,20.2,14.3
1143,2025-11-21 13:00:00,14.8,20.8
1144,2025-11-21 14:00:00,15.7,19.8
1145,2025-11-21 15:00:00,17.6,17.9
1146,2025-11-21 16:00:00,21.4,12.7
1147,2025-11-21 17:00:00,22.2,11.2
1148,2025-11-21 18:00:00,20.7,12.9
1149,2025-11-21 19:00:00,23.2,10.5
1150,2025-11-21 20:00:00,28.9,3.2
1151,2025-11-21 21:00:00,28.5,1.6
1152,2025-11-21 22:00:00,27.4,1.2
1153,2025-11-21 23:00:00,27.3,0.5
1154,2025-11-22 00:00:00,24.2,0.6
1155,2025-11-22 01:00:00,24.0,0.7
1156,2025-11-22 02:00:00,22.2,0.5
1157,2025-11-22 03:00:00,19.2,0.5
1158,2025-11-22 04:00:00,19.3,0.4
1159,2025-11-22 05:00:00,17.7,0.4
1160,2025-11-22 06:00:00,16.9,0.6
1161,2025-11-22 07:00:00,18.2,0.5
1162,2025-11-22 08:00:00,18.7,0.9
1163,2025-11-22 09:00:00,21.7,1.3
1164,2025-11-22 10:00:00,19.6,5.9
1165,2025-11-22 11:00:00,13.0,17.2
1166,2025-11-22 12:00:00,15.0,14.9
1167,2025-11-22 13:00:00,11.1,18.4
1168,2025-11-22 14:00:00,6.2,21.5
1169,2025-11-22 15:00:00,7.0,18.5
1170,2025-11-22 16:00:00,7.7,18.9
1171,2025-11-22 17:00:00,8.2,18.6
1172,2025-11-22 18:00:00,7.4,23.4
1173,2025-11-22 19:00:00,7.7,25.2
1174,2025-11-22 20:00:00,9.4,24.0
1175,2025-11-22 21:00:00,9.0,22.3
1176,2025-11-22 22:00:00,9.2,20.9
1177,2025-11-22 23:00:00,15.6,9.6
1178,2025-11-23 00:00:00,24.6,1.3
1179,2025-11-23 01:00:00,24.7,0.7
1180,2025-11-23 02:00:00,22.5,0.7
1181,2025-11-23 03:00:00,20.5,0.7
1182,2025-11-23 04:00:00,18.4,0.6
1183,2025-11-23 05:00:00,16.9,0.6
1184,2025-11-23 06:00:00,17.6,0.7
1185,2025-11-23 07:00:00,17.8,1.2
1186,2025-11-23 08:00:00,22.0,2.4
1187,2025-11-23 09:00:00,21.8,8.0
1188,2025-11-23 10:00:00,10.3,22.6
1189,2025-11-23 11:00:00,5.3,29.8
1190,2025-11-23 12:00:00,4.7,29.9
1191,2025-11-23 13:00:00,5.2,28.2
1192,2025-11-23 14:00:00,7.4,25.6
1193,2025-11-23 15:00:00,8.5,24.5
1194,2025-11-23 16:00:00,10.0,21.2
1195,2025-11-23 17:00:00,18.3,9.9
1196,2025-11-23 18:00:00,16.9,12.1
1197,2025-11-23 19:00:00,18.7,8.3
1198,2025-11-23 20:00:00,22.3,3.4
1199,2025-11-23 21:00:00,22.3,3.7
1200,2025-11-23 22:00:00,15.4,10.9
1201,2025-11-23 23:00:00,13.0,12.9
1202,2025-11-24 02:00:00,14.7,9.8
1203,2025-11-24 03:00:00,11.9,10.0
1204,2025-11-24 04:00:00,15.1,3.2
1205,2025-11-24 05:00:00,16.5,3.9
1206,2025-11-24 06:00:00,15.7,4.6
1207,2025-11-24 07:00:00,10.3,13.4
1208,2025-11-24 08:00:00,6.3,16.6
1209,2025-11-24 09:00:00,3.6,17.9
1210,2025-11-24 10:00:00,2.9,18.8
1211,2025-11-24 11:00:00,2.6,21.2
1212,2025-11-24 12:00:00,2.4,22.7
1213,2025-11-24 13:00:00,2.7,24.2
1214,2025-11-24 14:00:00,2.4,24.4
1215,2025-11-24 15:00:00,3.0,22.9
1216,2025-11-24 16:00:00,5.9,17.9
1217,2025-11-24 17:00:00,9.8,12.9
1218,2025-11-24 18:00:00,12.9,9.7
1219,2025-11-24 19:00:00,19.9,1.9
1220,2025-11-24 20:00:00,20.6,0.7
1221,2025-11-24 21:00:00,19.3,1.1
1222,2025-11-24 22:00:00,17.1,0.6
1223,2025-11-24 23:00:00,16.8,0.7
1224,2025-11-25 00:00:00,15.5,0.7
1225,2025-11-25 01:00:00,14.5,0.7
1226,2025-11-25 02:00:00,15.1,0.6
1227,2025-11-25 03:00:00,14.2,0.7
1228,2025-11-25 05:00:00,13.4,0.6
1229,2025-11-25 06:00:00,16.7,0.6
1230,2025-11-25 07:00:00,17.4,0.8
1231,2025-11-25 08:00:00,22.6,1.5
1232,2025-11-25 09:00:00,19.5,7.5
1233,2025-11-25 10:00:00,11.2,17.7
1234,2025-11-25 11:00:00,11.7,19.1
1235,2025-11-25 12:00:00,10.0,22.7
1236,2025-11-25 13:00:00,8.6,25.1
1237,2025-11-25 14:00:00,7.0,26.9
1238,2025-11-25 15:00:00,7.7,25.4
1239,2025-11-25 16:00:00,8.1,24.4
1240,2025-11-25 17:00:00,7.1,25.0
1241,2025-11-25 18:00:00,7.2,24.8
1242,2025-11-25 19:00:00,8.7,22.9
1243,2025-11-25 20:00:00,6.4,25.0
1244,2025-11-25 21:00:00,7.7,24.3
1245,2025-11-25 22:00:00,7.1,22.5
1246,2025-11-25 23:00:00,5.2,23.2
1247,2025-11-26 00:00:00,3.9,29.8
1248,2025-11-26 01:00:00,2.9,34.6
1249,2025-11-26 02:00:00,2.0,38.3
1250,2025-11-26 03:00:00,2.6,38.2
1251,2025-11-26 04:00:00,4.0,35.4
1252,2025-11-26 05:00:00,7.9,28.8
1253,2025-11-26 06:00:00,12.4,23.4
1254,2025-11-26 07:00:00,13.2,21.3
1255,2025-11-26 08:00:00,14.8,18.7
1256,2025-11-26 09:00:00,8.9,22.4
1257,2025-11-26 10:00:00,9.6,22.0
1258,2025-11-26 11:00:00,7.9,24.7
1259,2025-11-26 17:00:00,7.4,21.2
1260,2025-11-26 18:00:00,7.0,21.2
1261,2025-11-26 19:00:00,6.5,22.2
1262,2025-11-26 20:00:00,7.1,22.0
1263,2025-11-26 21:00:00,7.0,23.2
1264,2025-11-26 22:00:00,9.0,20.6
1265,2025-11-26 23:00:00,8.8,18.3
1266,2025-11-27 00:00:00,10.4,14.9
1267,2025-11-27 01:00:00,6.9,20.4
1268,2025-11-27 02:00:00,3.0,26.7
1269,2025-11-27 03:00:00,2.0,27.7
1270,2025-11-27 06:00:00,5.8,23.3
1271,2025-11-27 07:00:00,6.0,22.1
1272,2025-11-27 08:00:00,3.2,26.3
1273,2025-11-27 09:00:00,1.9,29.4
1274,2025-11-27 10:00:00,1.6,31.6
1275,2025-11-27 11:00:00,1.5,31.6
1276,2025-11-27 12:00:00,1.2,31.7
1277,2025-11-27 13:00:00,1.3,31.8
1278,2025-11-27 14:00:00,1.3,31.5
1279,2025-11-27 15:00:00,1.6,29.7
1280,2025-11-27 16:00:00,3.1,27.4
1281,2025-11-27 17:00:00,5.3,24.8
1282,2025-11-27 18:00:00,6.2,23.3
1283,2025-11-27 19:00:00,5.6,23.5
1284,2025-11-27 20:00:00,5.6,23.4
1285,2025-11-27 21:00:00,4.7,23.9
1286,2025-11-27 22:00:00,4.0,23.8
1287,2025-11-27 23:00:00,4.2,23.4
1288,2025-11-28 03:00:00,4.0,23.6
1289,2025-11-28 04:00:00,4.3,23.6
1290,2025-11-28 05:00:00,5.3,23.9
1291,2025-11-28 06:00:00,5.8,23.5
1292,2025-11-28 07:00:00,6.3,22.9
1293,2025-11-28 08:00:00,4.8,25.1
1294,2025-11-28 09:00:00,3.3,28.3
1295,2025-11-28 10:00:00,2.7,30.6
1296,2025-11-28 11:00:00,2.2,32.4
1297,2025-11-28 12:00:00,1.7,34.6
1298,2025-11-28 13:00:00,1.4,35.8
1299,2025-11-28 14:00:00,1.6,36.4
1300,2025-11-28 15:00:00,2.3,35.4
1301,2025-11-28 16:00:00,3.1,34.5
1302,2025-11-28 17:00:00,3.8,34.1
1303,2025-11-28 18:00:00,3.9,34.1
1304,2025-11-28 19:00:00,3.8,34.8
1305,2025-11-28 20:00:00,3.0,35.7
1306,2025-11-28 21:00:00,3.2,35.1
1307,2025-11-28 22:00:00,3.0,35.0
1308,2025-11-28 23:00:00,3.3,34.3
1309,2025-11-29 00:00:00,2.2,35.4
1310,2025-11-29 01:00:00,1.7,36.2
1311,2025-11-29 02:00:00,1.6,36.8
1312,2025-11-29 03:00:00,2.0,36.0
1313,2025-11-29 04:00:00,2.3,36.2
1314,2025-11-29 05:00:00,2.8,35.6
1315,2025-11-29 06:00:00,3.3,35.1
1316,2025-11-29 07:00:00,3.9,34.6
1317,2025-11-29 08:00:00,2.8,35.9
1318,2025-11-29 09:00:00,1.4,37.8
1319,2025-11-29 10:00:00,1.0,39.1
1320,2025-11-29 11:00:00,1.0,39.5
1321,2025-11-29 12:00:00,1.0,39.5
1322,2025-11-29 13:00:00,0.8,40.0
1323,2025-11-29 14:00:00,1.1,40.3
1324,2025-11-29 15:00:00,1.5,39.6
1325,2025-11-29 16:00:00,3.8,37.2
1326,2025-11-29 17:00:00,9.2,30.8
1327,2025-11-29 18:00:00,13.0,26.6
1328,2025-11-29 19:00:00,11.2,28.0
1329,2025-11-29 20:00:00,10.9,27.5
1330,2025-11-29 21:00:00,22.1,12.7
1331,2025-11-29 22:00:00,32.4,2.7
1332,2025-11-29 23:00:00,31.9,1.6
1333,2025-11-30 00:00:00,30.0,1.3
1334,2025-11-30 01:00:00,32.0,1.1
1335,2025-11-30 02:00:00,30.4,2.4
1336,2025-11-30 03:00:00,30.5,1.8
1337,2025-11-30 04:00:00,30.4,1.3
1338,2025-11-30 05:00:00,30.2,1.0
1339,2025-11-30 06:00:00,24.1,5.0
1340,2025-11-30 07:00:00,14.0,17.0
1341,2025-11-30 08:00:00,7.5,27.2
1342,2025-11-30 09:00:00,7.1,27.3
1343,2025-11-30 10:00:00,8.5,25.9
1344,2025-11-30 11:00:00,9.0,30.3
1345,2025-11-30 12:00:00,3.4,39.4
1346,2025-11-30 13:00:00,3.4,39.7
1347,2025-11-30 14:00:00,5.2,36.4
1348,2025-11-30 15:00:00,4.8,36.8
1349,2025-11-30 16:00:00,4.1,37.3
1350,2025-11-30 17:00:00,3.8,38.2
1351,2025-11-30 18:00:00,3.6,38.6
1352,2025-11-30 19:00:00,3.0,38.9
1353,2025-11-30 20:00:00,4.2,36.8
1354,2025-11-30 21:00:00,5.2,33.2
1355,2025-11-30 22:00:00,4.2,31.4
1356,2025-11-30 23:00:00,4.3,29.4
1357,2025-12-01 02:00:00,5.4,24.1
1358,2025-12-01 03:00:00,4.7,23.4
1359,2025-12-01 04:00:00,4.9,22.5
1360,2025-12-01 05:00:00,5.2,23.2
1361,2025-12-01 06:00:00,6.1,23.5
1362,2025-12-01 07:00:00,7.7,22.7
1363,2025-12-01 08:00:00,3.7,28.5
1364,2025-12-01 09:00:00,2.2,31.3
1365,2025-12-01 10:00:00,1.6,33.5
1366,2025-12-01 11:00:00,1.5,34.4
1367,2025-12-02 18:00:00,7.5,15.2
1368,2025-12-02 19:00:00,3.7,21.2
1369,2025-12-02 20:00:00,2.4,24.3
1370,2025-12-02 21:00:00,1.6,26.5
1371,2025-12-02 22:00:00,1.2,28.0
1372,2025-12-02 23:00:00,0.7,29.8
1373,2025-12-03 00:00:00,0.6,29.8
1374,2025-12-03 01:00:00,0.7,29.4
1375,2025-12-03 02:00:00,1.2,29.5
1376,2025-12-03 03:00:00,0.6,31.1
1377,2025-12-03 04:00:00,1.0,28.0
1378,2025-12-03 05:00:00,2.0,25.4
1379,2025-12-03 06:00:00,2.7,25.6
1380,2025-12-03 07:00:00,3.2,24.7
1381,2025-12-03 08:00:00,2.3,25.5
1382,2025-12-03 14:00:00,3.7,33.0
1383,2025-12-03 15:00:00,4.5,32.2
1384,2025-12-03 16:00:00,9.5,26.3
1385,2025-12-03 17:00:00,17.0,17.8
1386,2025-12-03 18:00:00,23.0,12.0
1387,2025-12-03 19:00:00,14.5,21.0
1388,2025-12-03 20:00:00,26.6,5.5
1389,2025-12-03 21:00:00,26.3,6.4
1390,2025-12-03 22:00:00,29.0,1.7
1391,2025-12-03 23:00:00,28.5,1.0
1392,2025-12-04 00:00:00,25.0,6.0
1393,2025-12-04 01:00:00,23.7,9.6
1394,2025-12-04 02:00:00,20.5,12.8
1395,2025-12-04 03:00:00,19.2,13.5
1396,2025-12-04 06:00:00,15.6,19.7
1397,2025-12-04 07:00:00,19.7,15.7
1398,2025-12-04 08:00:00,17.7,17.6
1399,2025-12-04 09:00:00,11.9,22.7
1400,2025-12-04 10:00:00,8.5,24.9
1401,2025-12-04 11:00:00,8.5,23.8
1402,2025-12-04 12:00:00,5.0,27.3
1403,2025-12-04 13:00:00,3.4,30.4
1404,2025-12-04 14:00:00,3.3,30.7
1405,2025-12-04 15:00:00,4.2,29.2
1406,2025-12-04 16:00:00,3.6,32.1
1407,2025-12-04 17:00:00,2.6,36.4
1408,2025-12-04 18:00:00,1.8,37.2
1409,2025-12-04 19:00:00,1.8,36.4
1410,2025-12-04 20:00:00,1.7,36.7
1411,2025-12-04 21:00:00,1.6,36.9
1412,2025-12-04 22:00:00,1.3,37.5
1413,2025-12-04 23:00:00,2.1,36.6
1414,2025-12-05 03:00:00,2.4,35.9
1415,2025-12-05 04:00:00,3.4,34.6
1416,2025-12-05 05:00:00,5.7,31.8
1417,2025-12-05 06:00:00,5.8,31.5
1418,2025-12-05 07:00:00,6.9,30.1
1419,2025-12-05 08:00:00,6.8,31.0
1420,2025-12-05 09:00:00,6.0,32.0
1421,2025-12-05 10:00:00,6.2,31.9
1422,2025-12-05 11:00:00,8.3,30.5
1423,2025-12-05 12:00:00,7.4,31.6
1424,2025-12-05 13:00:00,6.3,32.2
1425,2025-12-05 14:00:00,6.3,31.8
1426,2025-12-05 15:00:00,7.6,30.6
1427,2025-12-05 16:00:00,12.5,25.3
1428,2025-12-05 17:00:00,17.6,19.5
1429,2025-12-05 18:00:00,19.0,17.2
1430,2025-12-05 19:00:00,20.3,16.6
1431,2025-12-05 20:00:00,14.0,20.1
1432,2025-12-05 21:00:00,8.7,25.8
1433,2025-12-05 22:00:00,10.7,23.3
1434,2025-12-05 23:00:00,10.7,22.5
1435,2025-12-06 00:00:00,14.7,18.3
1436,2025-12-06 01:00:00,19.5,12.5
1437,2025-12-06 02:00:00,21.0,10.2
1438,2025-12-06 03:00:00,20.8,9.7
1439,2025-12-06 04:00:00,22.5,7.3
1440,2025-12-06 05:00:00,22.4,6.5
1441,2025-12-06 06:00:00,26.7,2.9
1442,2025-12-06 07:00:00,28.1,2.4
1443,2025-12-06 08:00:00,27.5,3.1
1444,2025-12-06 09:00:00,26.4,5.2
1445,2025-12-06 10:00:00,27.3,6.1
1446,2025-12-06 11:00:00,23.6,12.7
1447,2025-12-06 12:00:00,19.4,20.3
1448,2025-12-06 13:00:00,13.5,27.0
1449,2025-12-06 14:00:00,8.1,31.9
1450,2025-12-06 15:00:00,8.6,29.6
1451,2025-12-06 16:00:00,10.7,25.0
1452,2025-12-06 17:00:00,14.9,18.6
1453,2025-12-06 18:00:00,24.7,9.5
1454,2025-12-06 19:00:00,22.7,11.1
1455,2025-12-06 20:00:00,25.8,8.1
1456,2025-12-06 21:00:00,21.2,11.0
1457,2025-12-06 22:00:00,21.2,9.8
1458,2025-12-06 23:00:00,26.2,4.2
1459,2025-12-07 00:00:00,26.8,1.4
1460,2025-12-07 01:00:00,26.5,2.0
1461,2025-12-07 02:00:00,23.8,0.7
1462,2025-12-07 03:00:00,22.8,0.6
1463,2025-12-07 04:00:00,22.8,0.6
1464,2025-12-07 05:00:00,19.1,0.7
1465,2025-12-07 06:00:00,21.8,0.7
1466,2025-12-07 07:00:00,20.4,1.0
1467,2025-12-07 08:00:00,21.4,3.0
1468,2025-12-07 09:00:00,17.6,14.1
1469,2025-12-07 10:00:00,6.3,29.9
1470,2025-12-07 11:00:00,5.6,31.4
1471,2025-12-07 12:00:00,5.0,32.6
1472,2025-12-07 13:00:00,4.4,32.3
1473,2025-12-07 14:00:00,4.8,31.4
1474,2025-12-07 15:00:00,5.3,31.4
1475,2025-12-07 16:00:00,5.1,31.8
1476,2025-12-07 17:00:00,10.1,26.7
1477,2025-12-07 18:00:00,13.4,23.7
1478,2025-12-07 19:00:00,13.8,23.5
1479,2025-12-07 20:00:00,10.4,26.0
1480,2025-12-07 21:00:00,9.4,25.0
1481,2025-12-07 22:00:00,7.9,24.6
1482,2025-12-07 23:00:00,8.5,23.0
1483,2025-12-08 02:00:00,4.3,27.7
1484,2025-12-08 03:00:00,2.1,34.7
1485,2025-12-08 04:00:00,2.7,34.0
1486,2025-12-08 05:00:00,1.8,36.5
1487,2025-12-08 06:00:00,2.4,36.5
1488,2025-12-08 07:00:00,4.1,34.7
1489,2025-12-08 08:00:00,3.7,35.7
1490,2025-12-08 09:00:00,2.2,37.8
1491,2025-12-08 10:00:00,2.1,38.1
1492,2025-12-08 11:00:00,2.1,38.2
1493,2025-12-08 12:00:00,1.9,38.1
1494,2025-12-08 13:00:00,2.0,38.1
1495,2025-12-08 14:00:00,2.5,36.9
1496,2025-12-08 15:00:00,4.1,35.4
1497,2025-12-08 16:00:00,4.5,34.9
1498,2025-12-08 17:00:00,8.5,30.3
1499,2025-12-08 18:00:00,9.5,29.5
1500,2025-12-08 19:00:00,9.9,28.6
1501,2025-12-08 20:00:00,9.5,28.6
1502,2025-12-08 21:00:00,9.7,29.2
1503,2025-12-08 22:00:00,10.6,28.1
1504,2025-12-08 23:00:00,10.7,26.8
1505,2025-12-09 00:00:00,10.2,26.9
1506,2025-12-09 01:00:00,12.8,23.7
1507,2025-12-09 02:00:00,13.3,22.8
1508,2025-12-09 03:00:00,11.3,24.3
1509,2025-12-09 05:00:00,15.6,20.3
1510,2025-12-09 06:00:00,17.2,17.8
1511,2025-12-09 07:00:00,19.9,15.9
1512,2025-12-09 08:00:00,15.1,21.4
1513,2025-12-09 09:00:00,13.1,25.1
1514,2025-12-09 10:00:00,10.2,29.9
1515,2025-12-09 11:00:00,13.6,27.8
1516,2025-12-09 12:00:00,12.3,30.0
1517,2025-12-09 13:00:00,9.8,31.7
1518,2025-12-09 14:00:00,6.5,34.4
1519,2025-12-09 15:00:00,8.0,33.5
1520,2025-12-09 16:00:00,9.2,33.0
1521,2025-12-09 17:00:00,9.9,32.4
1522,2025-12-09 18:00:00,12.7,29.5
1523,2025-12-09 19:00:00,13.5,28.4
1524,2025-12-09 20:00:00,16.7,24.5
1525,2025-12-09 21:00:00,18.5,22.8
1526,2025-12-09 22:00:00,14.0,26.5
1527,2025-12-09 23:00:00,8.1,31.3
1528,2025-12-10 00:00:00,13.7,24.5
1529,2025-12-10 01:00:00,10.2,28.0
1530,2025-12-10 02:00:00,8.9,28.6
1531,2025-12-10 03:00:00,9.7,27.7
1532,2025-12-10 04:00:00,12.8,24.6
1533,2025-12-10 05:00:00,9.2,28.0
1534,2025-12-10 06:00:00,18.0,18.6
1535,2025-12-10 07:00:00,17.4,19.1
1536,2025-12-11 13:00:00,1.3,39.0
1537,2025-12-11 14:00:00,1.6,38.8
1538,2025-12-11 15:00:00,2.0,37.7
1539,2025-12-11 16:00:00,2.7,37.3
1540,2025-12-11 17:00:00,2.7,37.3
1541,2025-12-11 18:00:00,2.2,37.8
1542,2025-12-11 19:00:00,2.2,37.3
1543,2025-12-11 20:00:00,2.0,37.3
1544,2025-12-11 21:00:00,2.5,36.3
1545,2025-12-11 22:00:00,2.4,35.8
1546,2025-12-11 23:00:00,2.4,35.5
1547,2025-12-12 03:00:00,2.7,33.7
1548,2025-12-12 04:00:00,2.9,34.2
1549,2025-12-12 05:00:00,2.5,34.9
1550,2025-12-12 06:00:00,3.1,33.6
1551,2025-12-12 07:00:00,4.1,33.0
1552,2025-12-12 08:00:00,3.1,34.2
1553,2025-12-12 09:00:00,2.6,35.2
1554,2025-12-12 10:00:00,2.1,36.2
1555,2025-12-12 17:00:00,5.2,34.4
1556,2025-12-12 18:00:00,5.7,33.4
1557,2025-12-12 19:00:00,6.9,31.8
1558,2025-12-12 20:00:00,5.7,32.6
1559,2025-12-12 21:00:00,4.9,33.3
1560,2025-12-12 22:00:00,4.1,34.1
1561,2025-12-12 23:00:00,8.1,29.0
1562,2025-12-13 00:00:00,9.5,27.2
1563,2025-12-13 01:00:00,8.8,28.1
1564,2025-12-13 02:00:00,7.4,29.2
1565,2025-12-13 03:00:00,11.6,25.0
1566,2025-12-13 04:00:00,12.5,23.7
1567,2025-12-13 05:00:00,16.4,19.2
1568,2025-12-13 06:00:00,16.7,17.5
1569,2025-12-13 07:00:00,29.1,5.0
1570,2025-12-13 08:00:00,27.8,7.2
1571,2025-12-13 09:00:00,19.9,16.1
1572,2025-12-13 10:00:00,12.6,25.1
1573,2025-12-13 11:00:00,7.5,30.1
1574,2025-12-13 12:00:00,8.8,27.6
1575,2025-12-13 13:00:00,8.3,27.5
1576,2025-12-13 14:00:00,9.8,26.0
1577,2025-12-13 15:00:00,10.8,24.1
1578,2025-12-13 16:00:00,14.4,20.2
1579,2025-12-13 17:00:00,16.7,17.8
1580,2025-12-13 18:00:00,13.1,21.2
1581,2025-12-13 19:00:00,11.5,22.2
1582,2025-12-13 20:00:00,9.9,23.2
1583,2025-12-13 21:00:00,12.3,20.5
1584,2025-12-13 22:00:00,13.8,18.7
1585,2025-12-13 23:00:00,13.8,18.2
1586,2025-12-14 00:00:00,7.9,24.3
1587,2025-12-14 01:00:00,13.7,16.7
1588,2025-12-14 02:00:00,17.0,11.9
1589,2025-12-14 03:00:00,20.5,7.6
1590,2025-12-14 04:00:00,18.7,7.4
1591,2025-12-14 05:00:00,18.2,6.0
1592,2025-12-14 06:00:00,14.5,8.5
1593,2025-12-14 07:00:00,14.7,8.3
1594,2025-12-14 08:00:00,12.4,11.9
1595,2025-12-14 09:00:00,13.6,12.2
1596,2025-12-14 10:00:00,13.1,14.5
1597,2025-12-14 11:00:00,7.7,20.4
1598,2025-12-14 12:00:00,8.6,18.8
1599,2025-12-14 13:00:00,7.3,21.0
1600,2025-12-14 14:00:00,5.8,23.1
1601,2025-12-14 15:00:00,5.2,24.6
1602,2025-12-14 16:00:00,3.8,28.7
1603,2025-12-14 17:00:00,4.7,28.4
1604,2025-12-14 18:00:00,3.5,31.5
1605,2025-12-14 19:00:00,3.2,32.2
1606,2025-12-14 20:00:00,2.5,33.1
1607,2025-12-14 21:00:00,2.5,32.3
1608,2025-12-14 22:00:00,2.6,31.4
1609,2025-12-14 23:00:00,2.0,32.2
1610,2025-12-15 02:00:00,2.1,31.0
1611,2025-12-15 03:00:00,2.1,30.6
1612,2025-12-15 04:00:00,2.0,30.2
1613,2025-12-15 05:00:00,2.9,28.7
1614,2025-12-15 06:00:00,4.6,26.7
1620,2025-12-15 17:00:00,7.3,33.1
1621,2025-12-15 18:00:00,8.0,32.0
1622,2025-12-15 19:00:00,9.7,30.0
1623,2025-12-15 20:00:00,8.4,30.7
1624,2025-12-15 21:00:00,6.9,31.5
1625,2025-12-15 22:00:00,6.3,32.0
1626,2025-12-15 23:00:00,8.6,29.3
1627,2025-12-16 00:00:00,9.4,28.0
1628,2025-12-16 01:00:00,9.9,25.6
1629,2025-12-16 02:00:00,9.8,24.6
1630,2025-12-16 03:00:00,10.3,23.7
1631,2025-12-16 05:00:00,20.3,13.4
1632,2025-12-16 06:00:00,30.7,3.2
1633,2025-12-16 07:00:00,28.7,4.0
1634,2025-12-16 08:00:00,23.5,9.3
1635,2025-12-16 09:00:00,20.6,15.1
1636,2025-12-16 14:00:00,8.0,28.4
1637,2025-12-16 19:00:00,27.7,9.7
1638,2025-12-16 20:00:00,32.6,5.2
1639,2025-12-16 21:00:00,27.8,8.9
1640,2025-12-16 22:00:00,26.9,10.3
1641,2025-12-16 23:00:00,23.9,12.6
1642,2025-12-17 00:00:00,19.0,16.8
1643,2025-12-17 01:00:00,20.1,15.4
1644,2025-12-17 02:00:00,23.6,12.1
1645,2025-12-17 03:00:00,25.0,10.4
1646,2025-12-17 04:00:00,27.0,9.1
1647,2025-12-17 05:00:00,27.4,9.4
1648,2025-12-17 06:00:00,25.0,12.3
1649,2025-12-17 07:00:00,23.0,14.7
1650,2025-12-17 08:00:00,18.4,19.9
1651,2025-12-17 09:00:00,16.0,23.7
1652,2025-12-17 10:00:00,14.2,25.4
1653,2025-12-17 21:00:00,18.1,18.9
1654,2025-12-17 22:00:00,12.1,23.2
1655,2025-12-17 23:00:00,6.9,27.0
1656,2025-12-18 00:00:00,4.9,28.1
1657,2025-12-18 01:00:00,10.1,21.9
1658,2025-12-18 02:00:00,19.2,10.7
1659,2025-12-18 03:00:00,26.4,1.8
1660,2025-12-18 04:00:00,29.5,0.7
1661,2025-12-18 05:00:00,30.4,0.8
1662,2025-12-18 06:00:00,25.3,0.8
1663,2025-12-18 07:00:00,28.6,1.2
1664,2025-12-18 08:00:00,27.4,2.9
1665,2025-12-18 09:00:00,28.3,6.8
1666,2025-12-18 10:00:00,26.2,10.6
1667,2025-12-18 11:00:00,10.2,24.2
1668,2025-12-18 12:00:00,4.4,30.6
1669,2025-12-18 13:00:00,3.7,32.9
1670,2025-12-18 14:00:00,3.9,33.4
1671,2025-12-18 15:00:00,5.1,31.7
1672,2025-12-18 16:00:00,8.3,27.7
1673,2025-12-18 17:00:00,8.5,25.8
1674,2025-12-18 18:00:00,12.9,19.5
1675,2025-12-18 19:00:00,15.3,14.6
1676,2025-12-18 20:00:00,14.8,14.4
1677,2025-12-18 21:00:00,12.9,18.9
1678,2025-12-18 22:00:00,8.5,27.6
1679,2025-12-18 23:00:00,3.2,36.1
1680,2025-12-19 02:00:00,0.3,38.0
1681,2025-12-19 03:00:00,3.5,37.5
1682,2025-12-19 04:00:00,3.5,38.0
1683,2025-12-19 05:00:00,3.8,37.4
1684,2025-12-19 06:00:00,3.8,37.0
1685,2025-12-19 07:00:00,3.6,36.4
1686,2025-12-19 08:00:00,2.6,37.9
1687,2025-12-19 09:00:00,1.7,39.6
1688,2025-12-19 10:00:00,1.6,40.1
1689,2025-12-19 11:00:00,1.6,40.8
1690,2025-12-19 12:00:00,1.1,40.9
1691,2025-12-19 13:00:00,1.1,40.4
1692,2025-12-19 14:00:00,3.2,38.4
1693,2025-12-19 15:00:00,4.7,39.3
1694,2025-12-19 16:00:00,2.7,42.0
1695,2025-12-19 17:00:00,2.3,37.8
1696,2025-12-19 18:00:00,3.5,34.2
1697,2025-12-19 19:00:00,4.1,32.5
1698,2025-12-19 20:00:00,2.6,31.0
1699,2025-12-19 21:00:00,2.9,21.3
1700,2025-12-19 22:00:00,2.9,20.1
1701,2025-12-19 23:00:00,2.3,22.6
1702,2025-12-20 00:00:00,2.3,23.7
1703,2025-12-20 01:00:00,2.4,23.8
1704,2025-12-20 02:00:00,2.3,25.9
1705,2025-12-20 03:00:00,1.8,30.3
1706,2025-12-20 04:00:00,2.5,29.4
1707,2025-12-20 05:00:00,2.9,29.1
1708,2025-12-20 06:00:00,3.6,28.6
1709,2025-12-20 07:00:00,4.9,28.6
1710,2025-12-20 08:00:00,3.2,33.8
1711,2025-12-20 09:00:00,1.6,38.3
1712,2025-12-20 10:00:00,1.8,39.2
1713,2025-12-20 11:00:00,1.8,39.9
1714,2025-12-20 12:00:00,1.6,40.3
1715,2025-12-20 13:00:00,1.7,40.6
1716,2025-12-20 14:00:00,3.5,38.4
1717,2025-12-20 15:00:00,4.3,36.8
1718,2025-12-20 16:00:00,7.5,32.5
1719,2025-12-20 17:00:00,11.7,27.4
1720,2025-12-20 18:00:00,19.6,18.4
1721,2025-12-20 19:00:00,12.3,23.4
1722,2025-12-20 20:00:00,9.0,26.4
1723,2025-12-20 21:00:00,7.7,26.2
1724,2025-12-20 22:00:00,7.9,25.2
1725,2025-12-20 23:00:00,7.2,25.6
1726,2025-12-21 00:00:00,6.1,27.6
1727,2025-12-21 01:00:00,6.0,29.4
1728,2025-12-21 02:00:00,6.3,29.8
1729,2025-12-21 03:00:00,6.7,29.2
1730,2025-12-21 04:00:00,5.0,30.9
1731,2025-12-21 05:00:00,4.1,31.9
1732,2025-12-21 06:00:00,5.3,30.7
1733,2025-12-21 07:00:00,5.1,30.2
1734,2025-12-21 08:00:00,6.2,27.5
1735,2025-12-21 09:00:00,5.5,27.4
1736,2025-12-21 10:00:00,3.6,29.4
1737,2025-12-21 11:00:00,2.5,32.5
1738,2025-12-21 12:00:00,2.2,32.2
1739,2025-12-21 13:00:00,1.6,33.5
1740,2025-12-21 14:00:00,1.5,34.6
1741,2025-12-21 15:00:00,1.6,35.8
1742,2025-12-21 16:00:00,1.9,34.4
1743,2025-12-21 17:00:00,1.7,33.9
1744,2025-12-21 18:00:00,2.2,32.7
1745,2025-12-21 19:00:00,2.0,33.1
1746,2025-12-21 20:00:00,2.2,32.8
1747,2025-12-21 21:00:00,4.7,29.6
1748,2025-12-21 22:00:00,5.4,28.3
1749,2025-12-21 23:00:00,1.1,32.9
1750,2025-12-22 02:00:00,3.3,33.9
1751,2025-12-22 03:00:00,3.5,34.4
1752,2025-12-22 04:00:00,3.8,34.6
1753,2025-12-22 05:00:00,3.4,34.7
1754,2025-12-22 06:00:00,4.0,34.2
1755,2025-12-22 07:00:00,3.4,35.7
1756,2025-12-22 08:00:00,2.6,37.0
1757,2025-12-22 09:00:00,2.2,37.9
1758,2025-12-22 10:00:00,1.8,39.1
1759,2025-12-22 11:00:00,2.3,38.6
1760,2025-12-22 12:00:00,2.1,38.9
1761,2025-12-22 13:00:00,1.9,38.7
1762,2025-12-22 14:00:00,2.0,38.0
1763,2025-12-22 15:00:00,3.2,35.8
1764,2025-12-22 16:00:00,9.1,30.0
1765,2025-12-22 17:00:00,17.6,21.8
1766,2025-12-22 18:00:00,25.7,13.9
1767,2025-12-22 19:00:00,27.3,12.4
1768,2025-12-22 20:00:00,25.1,13.0
1769,2025-12-22 21:00:00,26.8,9.8
1770,2025-12-22 22:00:00,18.0,16.5
1771,2025-12-22 23:00:00,27.1,6.0
1772,2025-12-23 00:00:00,28.1,1.6
1773,2025-12-23 01:00:00,25.6,3.3
1774,2025-12-23 02:00:00,25.9,3.1
1775,2025-12-23 03:00:00,27.0,1.4
1776,2025-12-23 04:00:00,25.0,1.2
1777,2025-12-23 05:00:00,22.6,0.9
1778,2025-12-23 06:00:00,29.0,1.1
1779,2025-12-23 07:00:00,29.7,1.2
1780,2025-12-23 08:00:00,30.0,2.0
1781,2025-12-23 09:00:00,22.0,14.2
1782,2025-12-23 10:00:00,12.3,23.7
1783,2025-12-23 11:00:00,13.9,21.5
1784,2025-12-23 17:00:00,13.3,19.3
1785,2025-12-23 18:00:00,12.1,19.5
1786,2025-12-23 19:00:00,12.3,19.7
1787,2025-12-23 20:00:00,9.1,22.7
1788,2025-12-23 21:00:00,10.0,20.4
1789,2025-12-23 22:00:00,12.3,17.4
1790,2025-12-23 23:00:00,11.9,16.7
1791,2025-12-24 00:00:00,11.5,16.7
1792,2025-12-24 01:00:00,12.0,17.4
1793,2025-12-24 02:00:00,10.1,21.8
1794,2025-12-24 03:00:00,7.6,21.8
1795,2025-12-24 04:00:00,7.5,19.2
1796,2025-12-24 05:00:00,7.2,20.2
1797,2025-12-24 06:00:00,5.5,24.1
1798,2025-12-24 07:00:00,4.3,27.7
1799,2025-12-24 08:00:00,5.5,26.3
1800,2025-12-24 09:00:00,3.9,26.4
1801,2025-12-24 10:00:00,4.3,23.8
1802,2025-12-24 11:00:00,3.5,21.8
1803,2025-12-24 12:00:00,2.7,21.5
1804,2025-12-24 13:00:00,3.2,21.2
1805,2025-12-24 14:00:00,3.0,22.9
1806,2025-12-26 10:00:00,3.0,35.2
1807,2025-12-26 11:00:00,3.1,35.7
1808,2025-12-26 12:00:00,3.0,36.5
1809,2025-12-26 13:00:00,3.3,36.2
1810,2025-12-26 14:00:00,3.6,36.2
1811,2025-12-26 15:00:00,4.6,35.6
1812,2025-12-26 16:00:00,5.4,33.6
1813,2025-12-26 17:00:00,6.4,32.8
1814,2025-12-26 18:00:00,9.2,30.3
1815,2025-12-26 19:00:00,9.7,28.8
1816,2025-12-26 20:00:00,8.2,28.7
1817,2025-12-26 21:00:00,7.3,30.1
1818,2025-12-26 22:00:00,7.5,29.8
1819,2025-12-26 23:00:00,7.5,29.6
1820,2025-12-27 00:00:00,8.3,27.9
1821,2025-12-27 01:00:00,10.4,24.9
1822,2025-12-27 02:00:00,12.9,21.7
1823,2025-12-27 03:00:00,15.2,19.4
1824,2025-12-27 04:00:00,13.3,21.4
1825,2025-12-27 05:00:00,11.1,23.5
1826,2025-12-27 06:00:00,9.2,26.1
1827,2025-12-27 07:00:00,8.0,28.4
1828,2025-12-27 08:00:00,7.7,29.2
1829,2025-12-27 09:00:00,6.5,30.8
1830,2025-12-27 10:00:00,5.6,32.2
1831,2025-12-27 11:00:00,5.3,32.7
1832,2025-12-27 12:00:00,5.7,32.4
1833,2025-12-27 13:00:00,5.2,33.3
1834,2025-12-27 14:00:00,4.4,35.7
1835,2025-12-27 15:00:00,5.8,34.8
1836,2025-12-27 16:00:00,11.7,28.7
1837,2025-12-27 17:00:00,21.6,17.9
1838,2025-12-27 18:00:00,28.0,10.3
1839,2025-12-27 19:00:00,34.3,4.8
1840,2025-12-27 20:00:00,32.9,4.8
1841,2025-12-27 21:00:00,35.8,2.2
1842,2025-12-27 22:00:00,36.2,1.7
1843,2025-12-27 23:00:00,34.1,2.6
1844,2025-12-28 00:00:00,33.1,2.0
1845,2025-12-28 01:00:00,32.7,3.2
1846,2025-12-28 02:00:00,26.5,7.4
1847,2025-12-28 03:00:00,31.8,1.0
1848,2025-12-28 04:00:00,35.3,1.2
1849,2025-12-28 05:00:00,32.5,2.2
1850,2025-12-28 06:00:00,36.7,1.0
1851,2025-12-28 07:00:00,34.3,1.3
1852,2025-12-28 08:00:00,32.1,4.1
1853,2025-12-28 09:00:00,22.0,16.0
1854,2025-12-28 10:00:00,15.4,24.0
1855,2025-12-28 11:00:00,12.2,30.2
1856,2025-12-28 12:00:00,14.7,29.6
1857,2025-12-28 13:00:00,14.6,29.7
1858,2025-12-28 14:00:00,11.2,32.5
1859,2025-12-28 15:00:00,12.3,31.3
1860,2025-12-28 16:00:00,13.5,31.4
1861,2025-12-28 17:00:00,25.8,18.6
1862,2025-12-28 18:00:00,23.0,19.8
1863,2025-12-28 19:00:00,15.8,24.7
1864,2025-12-28 20:00:00,12.6,23.5
1865,2025-12-28 21:00:00,12.4,20.5
1866,2025-12-28 22:00:00,14.3,17.0
1867,2025-12-28 23:00:00,13.0,17.6
1868,2025-12-29 02:00:00,9.8,18.1
1869,2025-12-29 03:00:00,9.8,22.2
1870,2025-12-29 04:00:00,3.9,32.8
1871,2025-12-29 05:00:00,5.0,32.7
1872,2025-12-29 06:00:00,6.0,31.7
1873,2025-12-29 07:00:00,9.2,27.2
1874,2025-12-29 08:00:00,9.4,25.7
1875,2025-12-29 09:00:00,10.6,23.3
1876,2025-12-29 10:00:00,9.9,23.6
1877,2025-12-29 11:00:00,10.1,21.8
1878,2025-12-29 12:00:00,9.1,21.6
1879,2025-12-29 13:00:00,9.7,19.2
1880,2025-12-29 18:00:00,8.6,20.9
1881,2025-12-29 19:00:00,5.6,25.9
1882,2025-12-29 20:00:00,6.2,24.6
1883,2025-12-29 21:00:00,3.2,26.3
1884,2025-12-29 22:00:00,2.3,20.7
1885,2025-12-29 23:00:00,2.6,23.3
1886,2025-12-30 00:00:00,1.9,27.6
1887,2025-12-30 01:00:00,1.7,31.3
1888,2025-12-30 02:00:00,1.5,33.6
1889,2025-12-30 03:00:00,1.4,34.5
1890,2025-12-30 05:00:00,2.3,33.6
1891,2025-12-30 06:00:00,3.0,32.3
1892,2025-12-30 07:00:00,3.5,31.8
1893,2025-12-30 08:00:00,3.0,32.7
1894,2025-12-30 12:00:00,1.9,37.3
1895,2025-12-30 13:00:00,1.7,38.1
1896,2025-12-30 14:00:00,2.2,38.5
1897,2025-12-30 15:00:00,2.3,40.1
1898,2025-12-30 16:00:00,2.8,39.7
1899,2025-12-30 17:00:00,4.1,37.6
1900,2025-12-30 18:00:00,5.5,36.0
1901,2025-12-30 19:00:00,6.1,35.5
1902,2025-12-30 20:00:00,5.5,35.9
1903,2025-12-30 21:00:00,4.2,38.0
1904,2025-12-30 22:00:00,4.1,37.9
1905,2025-12-30 23:00:00,3.8,38.0
1906,2025-12-31 00:00:00,3.6,38.0
1907,2025-12-31 01:00:00,3.8,37.8
1908,2025-12-31 02:00:00,4.5,36.7
1909,2025-12-31 03:00:00,4.4,36.9
1910,2025-12-31 04:00:00,5.1,36.4
1911,2025-12-31 05:00:00,9.7,31.8
1912,2025-12-31 06:00:00,13.1,28.1
1913,2025-12-31 07:00:00,14.3,26.9
1914,2025-12-31 08:00:00,13.2,27.7
1915,2025-12-31 09:00:00,8.1,32.6
1916,2025-12-31 10:00:00,4.4,37.2
1917,2025-12-31 11:00:00,3.5,38.6
1918,2025-12-31 12:00:00,3.1,39.2
1919,2025-12-31 13:00:00,3.6,38.9
1920,2025-12-31 16:00:00,6.1,36.1
1921,2025-12-31 17:00:00,7.1,34.0
1922,2025-12-31 18:00:00,10.3,29.1
1923,2025-12-31 19:00:00,15.4,23.5
1924,2025-12-31 20:00:00,19.9,18.6
1925,2025-12-31 21:00:00,11.2,25.3
1926,2025-12-31 22:00:00,11.2,23.9
1927,2025-12-31 23:00:00,14.2,20.3
1928,2026-01-01 00:00:00,15.3,18.5
1929,2026-01-01 01:00:00,8.9,22.8
1930,2026-01-01 02:00:00,6.6,24.0
1931,2026-01-01 03:00:00,6.7,24.3
1932,2026-01-01 06:00:00,11.8,20.2
1933,2026-01-01 07:00:00,22.5,7.6
1934,2026-01-01 08:00:00,18.4,11.3
1935,2026-01-01 09:00:00,2.7,34.4
1936,2026-01-01 10:00:00,1.9,38.7
1937,2026-01-01 11:00:00,1.5,41.6
1938,2026-01-01 12:00:00,1.2,42.4
1939,2026-01-01 13:00:00,1.2,42.7
1940,2026-01-01 14:00:00,1.3,43.3
1941,2026-01-01 15:00:00,1.8,42.8
1942,2026-01-01 16:00:00,2.3,42.3
1943,2026-01-01 17:00:00,2.9,41.2
1944,2026-01-01 18:00:00,2.6,41.7
1945,2026-01-01 19:00:00,2.7,40.2
1946,2026-01-01 20:00:00,3.0,39.2
1947,2026-01-01 21:00:00,2.9,38.7
1948,2026-01-01 22:00:00,4.4,36.9
1949,2026-01-01 23:00:00,5.6,35.3
1950,2026-01-02 03:00:00,6.6,34.9
1951,2026-01-02 04:00:00,6.2,34.6
1952,2026-01-02 05:00:00,9.5,31.2
1953,2026-01-02 06:00:00,8.6,31.6
1954,2026-01-02 07:00:00,10.0,30.2
1955,2026-01-02 08:00:00,8.5,31.4
1956,2026-01-02 09:00:00,7.6,32.0
1957,2026-01-02 10:00:00,6.1,33.6
1958,2026-01-02 11:00:00,3.8,36.8
1959,2026-01-02 12:00:00,2.7,38.9
1960,2026-01-02 13:00:00,2.8,39.7
1961,2026-01-02 14:00:00,2.5,40.5
1962,2026-01-02 15:00:00,3.7,39.0
1963,2026-01-02 16:00:00,5.6,36.6
1964,2026-01-02 17:00:00,11.1,31.1
1965,2026-01-02 18:00:00,9.9,32.0
1966,2026-01-02 19:00:00,11.3,30.4
1967,2026-01-02 20:00:00,12.8,28.7
1968,2026-01-02 21:00:00,15.7,25.5
1969,2026-01-02 22:00:00,12.4,28.3
1970,2026-01-02 23:00:00,8.3,31.7
1971,2026-01-03 00:00:00,9.0,30.6
1972,2026-01-03 01:00:00,8.7,30.9
1973,2026-01-03 02:00:00,8.7,30.8
1974,2026-01-03 03:00:00,9.3,30.2
1975,2026-01-03 04:00:00,7.6,32.1
1976,2026-01-03 05:00:00,8.0,31.5
1977,2026-01-03 06:00:00,9.4,30.2
1978,2026-01-03 07:00:00,9.3,30.8
1979,2026-01-03 08:00:00,6.8,34.3
1980,2026-01-03 09:00:00,4.7,36.8
1981,2026-01-03 10:00:00,2.8,39.5
1982,2026-01-03 11:00:00,2.0,40.8
1983,2026-01-03 12:00:00,2.0,41.0
1984,2026-01-03 13:00:00,2.1,40.9
1985,2026-01-03 14:00:00,2.2,41.1
1986,2026-01-03 15:00:00,2.9,40.7
1987,2026-01-03 16:00:00,7.0,36.8
1988,2026-01-03 17:00:00,14.7,29.3
1989,2026-01-03 18:00:00,19.3,24.4
1990,2026-01-03 19:00:00,18.1,25.3
1991,2026-01-03 20:00:00,27.1,15.7
1992,2026-01-03 21:00:00,36.6,6.4
1993,2026-01-03 22:00:00,20.5,21.0
1994,2026-01-03 23:00:00,15.3,25.6
1995,2026-01-04 00:00:00,11.7,29.5
1996,2026-01-04 01:00:00,10.8,29.9
1997,2026-01-04 02:00:00,9.4,30.6
1998,2026-01-04 03:00:00,10.8,28.7
1999,2026-01-04 04:00:00,11.2,27.8
2000,2026-01-04 05:00:00,9.7,29.1
2001,2026-01-04 06:00:00,8.3,30.4
2002,2026-01-04 07:00:00,11.1,26.7
2003,2026-01-04 08:00:00,10.5,26.7
2004,2026-01-04 09:00:00,7.7,29.9
2005,2026-01-04 10:00:00,4.9,33.3
2006,2026-01-04 11:00:00,3.2,36.0
2007,2026-01-04 12:00:00,2.7,37.0
2008,2026-01-04 13:00:00,2.5,37.1
2009,2026-01-04 14:00:00,2.0,37.5
2010,2026-01-04 15:00:00,2.0,37.6
2011,2026-01-04 16:00:00,2.7,36.9
2012,2026-01-04 17:00:00,6.1,33.3
2013,2026-01-04 18:00:00,7.4,31.6
2014,2026-01-04 19:00:00,8.4,30.5
2015,2026-01-04 20:00:00,7.6,30.7
2016,2026-01-04 21:00:00,5.1,33.0
2017,2026-01-04 22:00:00,5.1,32.7
2018,2026-01-04 23:00:00,3.8,34.5
2019,2026-01-05 02:00:00,4.6,33.3
2020,2026-01-05 03:00:00,4.8,33.3
2021,2026-01-05 04:00:00,5.5,32.1
2022,2026-01-05 05:00:00,7.7,29.6
2023,2026-01-05 06:00:00,7.8,29.2
2024,2026-01-05 07:00:00,14.1,23.3
2025,2026-01-05 08:00:00,9.0,28.0
2026,2026-01-05 09:00:00,6.8,30.3
2027,2026-01-05 10:00:00,6.4,30.7
2028,2026-01-05 11:00:00,8.2,29.5
2029,2026-01-05 12:00:00,8.4,29.8
2030,2026-01-05 13:00:00,8.1,30.7
2031,2026-01-05 14:00:00,9.9,29.2
2032,2026-01-05 15:00:00,12.9,26.1
2033,2026-01-05 16:00:00,9.2,29.6
2034,2026-01-05 17:00:00,7.9,30.0
2035,2026-01-05 18:00:00,6.4,31.0
2036,2026-01-05 19:00:00,7.3,29.2
2037,2026-01-05 20:00:00,8.0,28.4
2038,2026-01-05 21:00:00,10.2,25.4
2039,2026-01-05 22:00:00,12.2,23.6
2040,2026-01-05 23:00:00,9.3,24.3
2041,2026-01-06 00:00:00,8.9,23.1
2042,2026-01-06 01:00:00,14.5,17.4
2043,2026-01-06 02:00:00,13.5,18.1
2044,2026-01-06 03:00:00,13.6,17.3
2045,2026-01-06 05:00:00,16.0,12.9
2046,2026-01-06 06:00:00,14.3,15.2
2047,2026-01-06 07:00:00,15.7,13.7
2048,2026-01-06 08:00:00,14.5,14.4
2049,2026-01-06 09:00:00,13.3,15.5
2050,2026-01-06 10:00:00,12.3,18.1
2051,2026-01-06 11:00:00,13.9,18.2
2052,2026-01-06 12:00:00,16.9,16.0
2053,2026-01-06 13:00:00,16.3,17.5
2054,2026-01-06 14:00:00,9.6,22.8
2055,2026-01-06 15:00:00,9.3,23.4
2056,2026-01-06 16:00:00,11.8,20.6
2057,2026-01-06 17:00:00,11.8,19.7
2058,2026-01-06 18:00:00,14.5,16.3
2059,2026-01-06 19:00:00,14.9,15.2
2060,2026-01-06 20:00:00,13.9,15.7
2061,2026-01-06 21:00:00,12.3,17.0
2062,2026-01-06 22:00:00,12.5,17.2
2063,2026-01-06 23:00:00,10.1,20.1
2064,2026-01-07 00:00:00,10.5,19.4
2065,2026-01-07 01:00:00,8.7,22.4
2066,2026-01-07 02:00:00,8.0,23.2
2067,2026-01-07 03:00:00,8.5,23.1
2068,2026-01-07 04:00:00,8.3,24.0
2069,2026-01-07 05:00:00,13.5,15.6
2070,2026-01-07 06:00:00,16.8,10.3
2071,2026-01-07 07:00:00,18.0,8.3
2072,2026-01-07 08:00:00,13.6,11.5
2073,2026-01-07 09:00:00,15.5,10.5
2074,2026-01-07 10:00:00,13.3,13.1
2075,2026-01-07 11:00:00,12.8,13.9
2076,2026-01-07 12:00:00,10.9,16.6
2077,2026-01-07 13:00:00,11.0,16.5
2078,2026-01-07 14:00:00,10.2,17.1
2079,2026-01-07 16:00:00,16.4,9.9
2080,2026-01-07 17:00:00,11.7,13.4
2081,2026-01-07 18:00:00,9.7,13.9
2082,2026-01-07 19:00:00,9.7,13.0
2083,2026-01-07 20:00:00,10.4,12.0
2084,2026-01-07 21:00:00,9.3,12.4
2085,2026-01-07 22:00:00,10.7,10.8
2086,2026-01-07 23:00:00,9.2,12.3
2087,2026-01-08 00:00:00,10.7,11.5
2088,2026-01-08 01:00:00,12.3,9.8
2089,2026-01-08 02:00:00,12.0,11.2
2090,2026-01-08 03:00:00,11.0,13.7
2091,2026-01-08 06:00:00,24.9,4.2
2092,2026-01-08 07:00:00,24.7,2.9
2093,2026-01-08 08:00:00,25.9,1.9
2094,2026-01-08 09:00:00,26.4,6.2
2095,2026-01-08 10:00:00,11.8,20.1
2096,2026-01-08 11:00:00,7.7,23.8
2097,2026-01-08 12:00:00,4.5,27.3
2098,2026-01-08 13:00:00,3.7,28.8
2099,2026-01-08 14:00:00,3.7,28.8
2100,2026-01-08 15:00:00,5.0,26.8
2101,2026-01-08 16:00:00,9.4,21.1
2102,2026-01-08 17:00:00,17.9,12.1
2103,2026-01-08 18:00:00,16.2,12.5
2104,2026-01-08 19:00:00,20.0,6.9
2105,2026-01-08 20:00:00,23.0,1.5
2106,2026-01-08 21:00:00,21.4,0.6
2107,2026-01-08 22:00:00,19.5,0.6
2108,2026-01-08 23:00:00,16.3,0.7
2109,2026-01-09 03:00:00,16.8,0.7
2110,2026-01-09 04:00:00,16.8,0.7
2111,2026-01-09 05:00:00,16.9,0.8
2112,2026-01-09 06:00:00,18.8,0.7
2113,2026-01-09 07:00:00,19.4,0.9
2114,2026-01-09 08:00:00,21.1,1.0
2115,2026-01-09 09:00:00,26.9,1.8
2116,2026-01-09 10:00:00,19.0,5.9
2117,2026-01-09 11:00:00,11.0,15.3
2118,2026-01-09 12:00:00,5.1,28.4
2119,2026-01-09 13:00:00,3.8,31.7
2120,2026-01-09 14:00:00,4.8,30.9
2121,2026-01-09 15:00:00,5.3,30.4
2122,2026-01-09 16:00:00,5.1,30.9
2123,2026-01-09 17:00:00,5.3,31.0
2124,2026-01-09 18:00:00,4.6,32.0
2125,2026-01-09 19:00:00,4.4,31.8
2126,2026-01-09 20:00:00,4.5,31.8
2127,2026-01-09 21:00:00,4.5,32.5
2128,2026-01-09 22:00:00,4.2,33.1
2129,2026-01-09 23:00:00,6.2,28.6
2130,2026-01-10 00:00:00,5.2,26.0
2131,2026-01-10 01:00:00,4.4,24.9
2132,2026-01-10 02:00:00,3.4,25.3
2133,2026-01-10 03:00:00,3.3,24.9
2134,2026-01-10 04:00:00,3.4,24.3
2135,2026-01-10 05:00:00,4.2,22.5
2136,2026-01-10 06:00:00,5.6,20.6
2137,2026-01-10 07:00:00,12.0,12.5
2138,2026-01-10 08:00:00,18.0,6.7
2139,2026-01-10 09:00:00,11.8,12.8
2140,2026-01-10 10:00:00,10.6,13.9
2141,2026-01-10 11:00:00,7.1,18.5
2142,2026-01-10 12:00:00,6.0,20.2
2143,2026-01-10 13:00:00,6.2,19.3
2144,2026-01-10 14:00:00,6.2,20.2
2145,2026-01-10 15:00:00,7.7,17.7
2146,2026-01-10 16:00:00,12.2,12.0
2147,2026-01-10 17:00:00,12.9,10.2
2148,2026-01-10 18:00:00,9.9,12.0
2149,2026-01-10 19:00:00,7.4,14.2
2150,2026-01-10 20:00:00,6.3,16.3
2151,2026-01-10 21:00:00,5.5,17.1
2152,2026-01-10 22:00:00,5.8,17.6
2153,2026-01-10 23:00:00,5.2,18.7
2154,2026-01-11 00:00:00,3.5,23.2
2155,2026-01-11 01:00:00,2.9,26.5
2156,2026-01-11 02:00:00,5.4,25.5
2157,2026-01-11 03:00:00,3.9,27.2
2158,2026-01-11 04:00:00,4.0,28.0
2159,2026-01-11 05:00:00,3.4,27.5
2160,2026-01-11 06:00:00,3.8,26.6
2161,2026-01-11 07:00:00,3.7,26.0
2162,2026-01-11 08:00:00,4.1,26.0
2163,2026-01-11 09:00:00,4.6,25.7
2164,2026-01-11 10:00:00,5.0,24.4
2165,2026-01-11 11:00:00,3.9,24.3
2166,2026-01-11 12:00:00,2.9,25.4
2167,2026-01-11 13:00:00,2.8,26.9
2168,2026-01-11 14:00:00,2.5,31.2
2169,2026-01-11 15:00:00,2.7,33.4
2170,2026-01-11 16:00:00,3.8,35.6
2171,2026-01-11 17:00:00,3.8,34.9
2172,2026-01-11 18:00:00,2.5,35.8
2173,2026-01-11 19:00:00,2.7,34.8
2174,2026-01-11 20:00:00,2.4,34.4
2175,2026-01-11 21:00:00,2.7,33.1
2176,2026-01-11 22:00:00,2.8,31.1
2177,2026-01-11 23:00:00,1.7,29.3
2178,2026-01-12 02:00:00,1.6,33.8
2179,2026-01-12 03:00:00,1.8,34.2
2180,2026-01-12 04:00:00,2.0,35.2
2181,2026-01-12 05:00:00,2.4,35.7
2182,2026-01-12 06:00:00,3.7,35.4
2183,2026-01-12 07:00:00,6.8,32.8
2184,2026-01-12 08:00:00,4.8,34.7
2185,2026-01-12 09:00:00,3.0,36.5
2186,2026-01-12 10:00:00,2.5,37.4
2187,2026-01-12 11:00:00,2.8,37.1
2188,2026-01-12 12:00:00,1.7,38.5
2189,2026-01-12 13:00:00,2.2,38.6
2190,2026-01-12 14:00:00,3.4,37.6
2191,2026-01-12 15:00:00,6.1,34.5
2192,2026-01-12 16:00:00,8.3,31.3
2193,2026-01-12 17:00:00,10.6,28.2
2194,2026-01-12 18:00:00,12.4,25.9
2195,2026-01-12 19:00:00,14.3,23.5
2196,2026-01-12 20:00:00,15.6,20.5
2197,2026-01-12 21:00:00,19.3,15.9
2198,2026-01-12 22:00:00,17.7,15.8
2199,2026-01-12 23:00:00,17.4,15.3
2200,2026-01-13 00:00:00,15.4,16.2
2201,2026-01-13 01:00:00,11.9,19.6
2202,2026-01-13 02:00:00,9.9,20.5
2203,2026-01-13 03:00:00,11.4,18.3
2204,2026-01-13 05:00:00,27.0,3.9
2205,2026-01-13 06:00:00,27.7,3.4
2206,2026-01-13 07:00:00,17.6,12.6
2207,2026-01-13 08:00:00,13.2,17.1
2208,2026-01-13 09:00:00,9.9,21.2
2209,2026-01-13 10:00:00,8.5,24.5
2210,2026-01-13 11:00:00,6.6,26.4
2211,2026-01-13 12:00:00,5.6,27.2
2212,2026-01-13 13:00:00,5.6,26.9
2213,2026-01-13 14:00:00,6.2,26.7
2214,2026-01-13 15:00:00,7.3,27.9
2215,2026-01-13 16:00:00,10.5,24.9
2216,2026-01-13 17:00:00,12.0,21.6
2217,2026-01-13 18:00:00,9.8,25.8
2218,2026-01-13 19:00:00,8.0,29.7
2219,2026-01-13 20:00:00,8.4,29.8
2220,2026-01-13 21:00:00,6.3,32.0
2221,2026-01-13 22:00:00,4.9,33.7
2222,2026-01-13 23:00:00,4.8,35.0
2223,2026-01-14 00:00:00,7.1,33.5
2224,2026-01-14 01:00:00,4.7,36.5
2225,2026-01-14 02:00:00,4.4,37.3
2226,2026-01-14 03:00:00,5.0,36.1
2227,2026-01-14 04:00:00,5.7,34.5
2228,2026-01-14 05:00:00,8.4,30.7
2229,2026-01-14 06:00:00,8.9,29.7
2230,2026-01-14 07:00:00,11.5,26.7
2231,2026-01-14 08:00:00,10.3,27.8
2232,2026-01-14 09:00:00,9.4,28.3
2233,2026-01-14 10:00:00,7.1,30.7
2234,2026-01-14 11:00:00,9.6,29.2
2235,2026-01-14 12:00:00,7.9,30.7
2236,2026-01-14 13:00:00,6.1,33.1
2237,2026-01-14 14:00:00,6.3,33.5
2238,2026-01-14 15:00:00,7.5,33.1
2239,2026-01-14 16:00:00,7.3,33.2
2240,2026-01-14 17:00:00,7.1,34.5
2241,2026-01-14 18:00:00,9.3,32.4
2242,2026-01-14 19:00:00,8.4,31.5
2243,2026-01-14 20:00:00,10.8,26.5
2244,2026-01-14 21:00:00,11.2,25.6
2245,2026-01-14 22:00:00,7.5,32.2
2246,2026-01-14 23:00:00,9.5,25.6
2247,2026-01-15 00:00:00,6.8,29.2
2248,2026-01-15 01:00:00,5.4,31.2
2249,2026-01-15 02:00:00,4.4,36.2
2250,2026-01-15 03:00:00,4.5,36.9
2251,2026-01-15 06:00:00,7.7,33.3
2252,2026-01-15 07:00:00,9.0,31.6
2253,2026-01-15 08:00:00,9.7,29.6
2254,2026-01-15 09:00:00,7.7,29.4
2255,2026-01-15 10:00:00,6.8,28.9
2256,2026-01-15 11:00:00,6.7,29.3
2257,2026-01-15 14:00:00,5.8,26.0
2258,2026-01-15 15:00:00,5.5,26.8
2259,2026-01-15 16:00:00,6.5,28.2
2260,2026-01-15 17:00:00,9.7,24.9
2261,2026-01-15 18:00:00,11.3,23.4
2262,2026-01-15 19:00:00,4.2,27.0
2263,2026-01-15 20:00:00,3.1,26.3
2264,2026-01-15 21:00:00,3.0,26.7
2265,2026-01-15 22:00:00,3.1,27.4
2266,2026-01-15 23:00:00,1.4,28.6
2267,2026-01-16 03:00:00,2.0,30.3
2268,2026-01-16 04:00:00,2.3,31.1
2269,2026-01-16 05:00:00,2.6,32.7
2270,2026-01-16 06:00:00,2.4,35.3
2271,2026-01-16 07:00:00,3.3,36.7
2272,2026-01-16 08:00:00,2.8,37.0
2273,2026-01-16 09:00:00,2.2,37.4
2274,2026-01-16 10:00:00,2.2,38.4
2275,2026-01-16 11:00:00,2.7,38.0
2276,2026-01-16 12:00:00,2.0,38.8
2277,2026-01-16 13:00:00,1.9,39.9
2278,2026-01-16 14:00:00,2.7,38.9
2279,2026-01-16 15:00:00,3.5,37.9
2280,2026-01-16 16:00:00,4.3,37.1
2281,2026-01-16 17:00:00,7.6,34.2
2282,2026-01-16 18:00:00,8.3,33.5
2283,2026-01-16 19:00:00,12.0,29.7
2284,2026-01-16 20:00:00,12.3,28.8
2285,2026-01-16 21:00:00,17.4,23.8
2286,2026-01-16 22:00:00,18.1,22.5
2287,2026-01-16 23:00:00,18.7,21.0
2288,2026-01-17 00:00:00,19.7,18.4
2289,2026-01-17 01:00:00,21.8,15.1
2290,2026-01-17 02:00:00,14.5,20.6
2291,2026-01-17 03:00:00,14.7,19.4
2292,2026-01-17 04:00:00,16.6,17.8
2293,2026-01-17 05:00:00,12.1,22.0
2294,2026-01-17 06:00:00,14.3,19.9
2295,2026-01-17 07:00:00,19.5,14.4
2296,2026-01-17 08:00:00,23.9,12.7
2297,2026-01-17 09:00:00,17.2,20.5
2298,2026-01-17 10:00:00,17.7,18.7
2299,2026-01-17 11:00:00,19.0,17.5
2300,2026-01-17 12:00:00,9.0,29.6
2301,2026-01-17 13:00:00,10.3,28.4
2302,2026-01-17 14:00:00,9.4,31.8
2303,2026-01-17 15:00:00,5.7,37.5
2304,2026-01-17 16:00:00,7.3,34.9
2305,2026-01-17 17:00:00,8.9,30.9
2306,2026-01-17 18:00:00,9.6,28.1
2307,2026-01-17 19:00:00,9.5,26.1
2308,2026-01-17 20:00:00,9.1,24.5
2309,2026-01-17 21:00:00,8.7,23.7
2310,2026-01-17 22:00:00,9.3,22.5
2311,2026-01-17 23:00:00,13.4,17.9
2312,2026-01-18 00:00:00,21.0,9.3
2313,2026-01-18 01:00:00,24.5,4.8
2314,2026-01-18 02:00:00,21.3,4.7
2315,2026-01-18 03:00:00,21.8,3.4
2316,2026-01-18 04:00:00,20.0,5.4
2317,2026-01-18 05:00:00,20.5,4.1
2318,2026-01-18 06:00:00,16.2,6.9
2319,2026-01-18 07:00:00,17.4,7.8
2320,2026-01-18 08:00:00,19.6,7.6
2321,2026-01-18 09:00:00,18.3,11.1
2322,2026-01-18 10:00:00,18.2,9.8
2323,2026-01-18 11:00:00,18.9,8.3
2324,2026-01-18 12:00:00,13.6,12.0
2325,2026-01-18 13:00:00,12.5,13.2
2326,2026-01-18 14:00:00,12.5,14.2
2327,2026-01-18 15:00:00,12.6,13.9
2328,2026-01-18 16:00:00,11.7,15.4
2329,2026-01-18 17:00:00,10.8,17.5
2330,2026-01-18 18:00:00,10.9,18.0
2331,2026-01-18 19:00:00,13.0,15.8
2332,2026-01-18 20:00:00,17.5,11.4
2333,2026-01-18 21:00:00,17.2,9.8
2334,2026-01-18 22:00:00,16.0,7.7
2335,2026-01-18 23:00:00,12.8,9.9
2336,2026-01-19 02:00:00,7.8,22.6
2337,2026-01-19 03:00:00,8.3,22.6
2338,2026-01-19 04:00:00,9.8,21.1
2339,2026-01-19 05:00:00,10.7,20.1
2340,2026-01-19 06:00:00,13.4,17.4
2341,2026-01-19 07:00:00,13.2,17.3
2342,2026-01-19 08:00:00,16.5,14.1
2343,2026-01-19 09:00:00,18.6,10.7
2344,2026-01-19 10:00:00,7.8,19.4
2345,2026-01-19 11:00:00,6.2,23.8
2346,2026-01-19 12:00:00,5.3,27.8
2347,2026-01-19 13:00:00,6.0,28.4
2348,2026-01-19 14:00:00,6.2,29.0
2349,2026-01-19 15:00:00,6.8,27.8
2350,2026-01-19 16:00:00,9.1,24.1
2351,2026-01-19 17:00:00,9.1,23.1
2352,2026-01-19 18:00:00,10.7,20.7
2353,2026-01-19 19:00:00,10.8,20.5
2354,2026-01-19 20:00:00,13.3,18.4
2355,2026-01-19 21:00:00,15.8,15.9
2356,2026-01-19 22:00:00,14.8,17.0
2357,2026-01-19 23:00:00,16.5,15.5
2358,2026-01-20 00:00:00,16.6,16.0
2359,2026-01-20 01:00:00,12.5,20.0
2360,2026-01-20 02:00:00,10.7,22.1
2361,2026-01-20 03:00:00,5.1,28.9
2362,2026-01-20 05:00:00,15.5,20.2
2363,2026-01-20 06:00:00,18.1,17.4
2364,2026-01-20 07:00:00,16.5,17.5
2365,2026-01-20 08:00:00,8.3,26.3
2366,2026-01-20 09:00:00,5.5,29.5
2367,2026-01-20 10:00:00,4.2,31.0
2368,2026-01-20 11:00:00,3.7,31.8
2369,2026-01-20 12:00:00,3.4,33.3
2370,2026-01-20 13:00:00,2.7,35.4
2371,2026-01-20 14:00:00,3.0,34.9
2372,2026-01-20 15:00:00,3.1,35.1
2373,2026-01-20 16:00:00,4.7,33.8
2374,2026-01-20 17:00:00,7.5,31.7
2375,2026-01-20 18:00:00,8.4,31.6
2376,2026-01-20 19:00:00,8.6,31.3
2377,2026-01-20 20:00:00,9.1,30.9
2378,2026-01-20 21:00:00,11.1,29.0
2379,2026-01-20 22:00:00,18.3,21.5
2380,2026-01-20 23:00:00,16.3,22.5
2381,2026-01-21 00:00:00,16.5,21.1
2382,2026-01-21 01:00:00,14.6,22.5
2383,2026-01-21 02:00:00,17.3,19.6
2384,2026-01-21 03:00:00,27.8,9.4
2385,2026-01-21 04:00:00,24.0,13.5
2386,2026-01-21 05:00:00,13.3,24.0
2387,2026-01-21 06:00:00,16.5,21.1
2388,2026-01-21 07:00:00,34.6,5.4
2389,2026-01-21 08:00:00,19.5,19.2
2390,2026-01-21 09:00:00,10.8,28.3
2391,2026-01-21 10:00:00,10.8,28.6
2392,2026-01-21 11:00:00,8.0,32.2
2393,2026-01-21 12:00:00,7.7,33.9
2394,2026-01-21 13:00:00,7.2,35.9
2395,2026-01-21 14:00:00,7.1,36.1
2396,2026-01-21 15:00:00,9.4,34.0
2397,2026-01-21 16:00:00,12.5,31.0
2398,2026-01-21 17:00:00,13.0,30.1
2399,2026-01-21 18:00:00,10.0,33.9
2400,2026-01-21 19:00:00,7.1,38.3
2401,2026-01-21 20:00:00,6.0,39.8
2402,2026-01-21 21:00:00,5.6,40.5
2403,2026-01-21 22:00:00,4.7,41.4
2404,2026-01-21 23:00:00,5.7,40.4
2405,2026-01-22 00:00:00,6.2,40.3
2406,2026-01-22 01:00:00,7.1,38.8
2407,2026-01-22 02:00:00,7.3,38.1
2408,2026-01-22 03:00:00,5.0,40.2
2409,2026-01-22 06:00:00,12.9,31.9
2410,2026-01-22 11:00:00,4.5,39.4
2411,2026-01-22 12:00:00,3.5,42.1
2412,2026-01-22 13:00:00,4.4,41.0
2413,2026-01-22 14:00:00,4.0,41.2
2414,2026-01-22 15:00:00,5.0,40.6
2415,2026-01-22 16:00:00,6.5,39.0
2416,2026-01-22 17:00:00,15.1,28.5
2417,2026-01-22 18:00:00,21.9,20.4
2418,2026-01-22 19:00:00,21.0,20.9
2419,2026-01-22 20:00:00,11.6,28.3
2420,2026-01-22 21:00:00,18.4,18.9
2421,2026-01-22 22:00:00,25.6,11.1
2422,2026-01-22 23:00:00,29.1,4.6
2423,2026-01-23 03:00:00,6.4,29.9
2424,2026-01-23 04:00:00,5.2,32.5
2425,2026-01-23 05:00:00,6.2,33.5
2426,2026-01-23 06:00:00,10.9,30.0
2427,2026-01-23 07:00:00,14.0,27.5
2428,2026-01-23 08:00:00,19.3,22.8
2429,2026-01-23 09:00:00,13.7,27.4
2430,2026-01-23 10:00:00,8.4,31.7
2431,2026-01-23 11:00:00,3.2,36.7
2432,2026-01-23 12:00:00,3.4,37.5
2433,2026-01-23 13:00:00,4.2,37.8
2434,2026-01-23 20:00:00,2.7,41.1
2435,2026-01-23 21:00:00,2.4,39.4
2436,2026-01-23 22:00:00,2.4,38.4
2437,2026-01-23 23:00:00,2.6,36.9
2438,2026-01-24 00:00:00,2.2,36.5
2439,2026-01-24 01:00:00,1.4,37.1
2440,2026-01-24 02:00:00,2.2,36.4
2441,2026-01-24 03:00:00,2.1,38.0
2442,2026-01-24 04:00:00,1.9,39.0
2443,2026-01-24 05:00:00,2.4,38.6
2444,2026-01-24 06:00:00,2.9,38.4
2445,2026-01-24 07:00:00,3.4,37.2
2446,2026-01-24 08:00:00,2.9,36.6
2447,2026-01-24 09:00:00,2.7,36.6
2448,2026-01-24 10:00:00,2.5,37.1
2449,2026-01-24 11:00:00,2.3,37.9
2450,2026-01-24 12:00:00,2.2,38.5
2451,2026-01-24 13:00:00,1.8,39.1
2452,2026-01-24 14:00:00,1.8,39.8
2453,2026-01-24 15:00:00,1.9,40.4
2454,2026-01-24 16:00:00,3.0,39.4
2455,2026-01-24 17:00:00,4.3,37.9
2456,2026-01-24 18:00:00,6.6,35.6
2457,2026-01-24 19:00:00,6.1,35.6
2458,2026-01-24 20:00:00,5.1,36.0
2459,2026-01-24 21:00:00,5.7,35.0
2460,2026-01-24 22:00:00,5.7,34.4
2461,2026-01-24 23:00:00,7.4,32.5
2462,2026-01-25 00:00:00,8.8,31.0
2463,2026-01-25 01:00:00,6.5,33.4
2464,2026-01-25 02:00:00,6.5,33.4
2465,2026-01-25 03:00:00,5.7,34.0
2466,2026-01-25 04:00:00,5.5,34.3
2467,2026-01-25 05:00:00,5.1,34.6
2468,2026-01-25 06:00:00,5.0,34.4
2469,2026-01-25 07:00:00,5.0,34.6
2470,2026-01-25 08:00:00,5.9,33.8
2471,2026-01-25 09:00:00,7.7,31.4
2472,2026-01-25 10:00:00,9.3,29.6
2473,2026-01-25 11:00:00,10.5,28.2
2474,2026-01-25 12:00:00,10.8,27.8
2475,2026-01-25 13:00:00,14.3,24.4
2476,2026-01-25 14:00:00,18.2,21.4
2477,2026-01-25 15:00:00,20.5,19.6
2478,2026-01-25 16:00:00,21.1,19.1
2479,2026-01-25 17:00:00,23.1,17.4
2480,2026-01-25 18:00:00,20.2,20.6
2481,2026-01-25 19:00:00,4.7,37.4
2482,2026-01-25 20:00:00,3.0,38.8
2483,2026-01-25 21:00:00,2.3,39.2
2484,2026-01-25 22:00:00,2.4,38.6
2485,2026-01-25 23:00:00,1.7,38.4
2486,2026-01-26 02:00:00,7.8,30.9
2487,2026-01-26 03:00:00,6.7,32.3
2488,2026-01-26 04:00:00,6.3,32.8
2489,2026-01-26 05:00:00,6.2,33.0
2490,2026-01-26 06:00:00,7.2,31.6
2491,2026-01-26 07:00:00,7.5,31.1
2492,2026-01-26 08:00:00,8.0,30.5
2493,2026-01-26 09:00:00,7.3,31.1
2494,2026-01-26 10:00:00,6.5,32.0
2495,2026-01-26 11:00:00,5.5,32.9
2496,2026-01-26 12:00:00,6.6,32.2
2497,2026-01-26 13:00:00,7.9,31.1
2498,2026-01-26 14:00:00,8.9,30.6
2499,2026-01-26 15:00:00,8.6,31.0
2500,2026-01-26 16:00:00,8.5,31.2
2501,2026-01-26 17:00:00,8.7,30.7
2502,2026-01-26 18:00:00,9.8,30.6
2503,2026-01-26 19:00:00,6.1,30.6
2504,2026-01-26 20:00:00,4.5,33.5
2505,2026-01-26 21:00:00,3.1,35.8
2506,2026-01-26 22:00:00,2.8,36.8
2507,2026-01-26 23:00:00,3.9,35.5
2508,2026-01-27 00:00:00,3.9,35.7
2509,2026-01-27 01:00:00,3.7,36.1
2510,2026-01-27 02:00:00,3.2,36.2
2511,2026-01-27 03:00:00,3.1,35.7
2512,2026-01-27 05:00:00,7.5,31.5
2513,2026-01-27 06:00:00,10.2,29.2
2514,2026-01-27 07:00:00,13.0,26.8
2515,2026-01-27 08:00:00,9.2,30.7
2516,2026-01-27 09:00:00,4.2,36.8
2517,2026-01-27 10:00:00,3.0,38.1
2518,2026-01-27 11:00:00,2.9,38.9
2519,2026-01-27 12:00:00,3.1,39.3
2520,2026-01-27 13:00:00,4.3,39.1
2521,2026-01-27 14:00:00,4.6,39.2
2522,2026-01-27 15:00:00,6.9,37.4
2523,2026-01-27 16:00:00,10.3,34.9
2524,2026-01-27 17:00:00,13.6,31.7
2525,2026-01-27 18:00:00,11.0,34.1
2526,2026-01-27 19:00:00,6.9,38.8
2527,2026-01-27 20:00:00,7.4,37.9
2528,2026-01-27 21:00:00,8.2,36.7
2529,2026-01-27 22:00:00,9.0,35.6
2530,2026-01-27 23:00:00,9.7,34.5
2531,2026-01-28 00:00:00,8.5,34.9
